job_title,job_date,job_views,job_nums
中航材利顿航空科技有限公司管培生招聘,2022-01-05 22:18:16,183,2
中信证券杭州凤起路营业部2022校园招聘,2022-01-05 11:44:12,362,1
牧原22届应届生招聘,2022-01-05 11:44:17,377,1
2022襄阳市选调生招录,2022-01-05 11:46:57,486,1
Thoughtworks 中国区 2022 届校园招聘（补录场）,2022-01-05 22:18:11,184,1
中国光大银行北京分行2022年 “追光 ” 寒假实习生招聘启事,2022-01-05 11:47:02,75,1
北京环佳通信技术有限公司诚聘北邮英才,2022-01-05 22:18:25,184,13
管培生,2022-01-05 22:18:30,188,1
2022烽火校园招聘,2022-01-05 22:18:20,187,3
空军工程大学2021年面向社会公开招考文职人员补录公告,2022-01-05 22:18:34,207,1
湘潭大学2021年诚聘海内外人才,2022-01-05 11:44:22,386,1
曲靖师范学院2022年计划高薪引进60名高层次人才,2022-01-05 22:18:39,209,1
博后英才，深圳@您！深圳市人民医院面向全球广纳贤才,2022-01-05 22:18:48,235,1
虚位以待 职等你来|天津市智能轨道交通人才创新创业联盟暨武清区重点企业组团招聘来了！,2022-01-05 22:18:44,219,1
福州大学最新博士后招聘公告,2022-01-05 22:18:53,329,1
大客户销售管培生（上海）,2022-01-05 11:43:12,182,1
中国水产科学研究院黄海水产研究所2022年公开招聘工作人员,2022-01-05 11:43:16,235,1
海南工商职业学院2022年春季人才招聘,2022-01-05 11:43:21,243,1
大客户销售管培生（北京）,2022-01-05 11:43:26,233,1
徐州工程学院2022年人才引进政策及计划,2022-01-05 11:43:02,177,1
中国石油大学（北京）克拉玛依校区2022年度招聘简章,2022-01-05 11:43:07,179,3
软件研发工程师（算法与数据科学）,2022-01-05 11:43:30,235,1
编译工程师,2022-01-05 11:43:35,242,1
2022中公教育校园招聘,2022-01-05 11:43:58,259,1
宏瓴资本2022年度招聘投资部实习生（可远程）,2022-01-05 11:43:40,24,1
软件研发工程师（密码与安全）,2022-01-05 11:43:44,246,1
售前解决方案管培生（上海）,2022-01-05 11:43:49,250,1
售前解决方案管培生（北京）,2022-01-05 11:43:54,245,1
C++研发工程师,2022-01-05 11:44:03,283,1
C&F School 阳光心霖儿童公社2022年校园招聘简章,2022-01-05 11:44:08,326,5
广西师范大学2021年高层次人才招聘公告,2021-12-31 16:26:01,1631,1
深圳前海麦格美科技有限公司2022管培生招聘,2022-01-02 13:06:13,1698,1
2022极米科技春季招聘提前批-招聘简章及岗位详情,2022-01-02 13:05:57,1582,23
2021-2022零点有数校园招聘火热开启,2021-12-31 16:26:07,1657,1
武汉东湖学院马克思主义学院教师招聘,2021-12-31 16:26:13,1716,1
浙江大学杭州国际科创中心先进储能技术课题组2022年博士后招聘公告,2021-12-31 16:26:21,2093,1
常州工学院2021-2022年人才招聘启事,2022-01-02 13:05:35,1492,1
国家国防科技工业局军工项目审核中心公开招聘,2022-01-04 11:26:22,753,1
重磅来袭，百万揽才｜巢湖学院2021-2022年人才引进公告,2022-01-04 11:26:27,745,1
航天三院三〇四所2022年校园招聘,2022-01-02 13:06:17,2335,1
宿迁学院2021-2022年人才招聘公告,2022-01-05 11:42:44,160,1
汉航（北京）科技有限公司招聘进行中,2022-01-05 11:42:48,168,2
中山大学微电子科学与技术学院虞志益教授团队（下一代处理器研究团队）招聘科研助理公告,2022-01-05 11:42:53,171,1
江苏科技大学2021-2022年诚聘海内外优秀人才,2022-01-05 11:42:58,177,1
四川轻化工大学2022年人才引进政策,2022-01-04 11:26:32,1193,1
亚信科技招聘简章,2021-12-30 14:30:31,1238,1
中国天辰工程有限公司2022年校园招聘,2021-12-30 14:30:39,1254,1
中信证券北京分公司2022年校园招聘火热进行中,2021-12-31 08:46:02,1151,1
浙江新安化工集团股份有限公司2022届校园招聘,2021-12-30 14:39:34,1243,4
西南医科大学2022年诚聘海内外英才,2021-12-30 15:01:47,1326,1
推想-与AI同行 推想未来,2021-12-30 15:02:08,1387,1
青春韶华 腾飞起航 | 中国华腾2022年度招聘正式启动,2021-12-30 15:19:01,1715,1
电学专利代理人,2021-12-31 14:01:41,1573,1
深部岩土力学与地下工程国家重点实验室面向海内外诚聘博士后研究人员,2021-12-31 08:46:14,1295,1
诚壹资本招聘投资助理,2021-12-31 09:19:09,1612,0
诚壹资本招聘实习生,2021-12-31 09:20:33,123,0
极米2022届春季校园招聘,2021-12-31 14:02:49,1584,1
“安装星 星未来” 中建三局安装工程有限公司（中建三局智慧事业部）2022校园招聘,2021-12-31 14:02:55,1623,1
青岛鼎信通讯 2022 届秋季校园招聘,2021-12-31 16:25:55,1607,1
长城软件2022校园招聘,2021-12-31 08:46:09,1283,1
中国供销集团2022年度应届高校毕业生招聘公告,2021-12-29 13:13:18,1495,1
中国卫通集团股份有限公司招聘,2021-12-29 13:13:32,1556,1
西安电子科技大学空间科学与技术学院2021年教师岗位招聘启事,2021-12-29 13:13:27,1517,1
阳光电源2022届全球校园招聘秋招补录,2021-12-29 13:13:37,1777,1
华夏久盈资产管理有限责任公司2022校园招聘,2021-12-29 13:13:13,1459,1
中国热带农业科学院热带作物品种资源研究所2022年高层次及博士人才公开招聘公告,2021-12-29 13:13:23,1467,1
启明信息技术股份有限公司2022年校园招聘简章,2021-12-29 16:22:24,2291,4
你和我的距离只有一封简历的厚度,2021-12-29 15:14:14,1952,4
我司2022年度实习生招聘现已启动,2021-12-29 15:14:06,140,3
清华大学天津高端装备研究院人才引进,2021-12-29 16:01:27,1932,1
中国科学技术大学先进技术研究院2021-2022年度招聘简章,2021-12-29 14:11:22,1924,1
中证信息技术服务有限责任公司 2021年度招聘公告,2021-12-29 15:13:59,1880,1
麦捷科技2022年校园招聘简章,2021-12-30 10:02:43,1308,1
招商证券股份有限公司北京朝阳公园路证券营业部【招聘】,2021-12-30 14:30:24,1221,2
网络安全就业招聘,2021-12-28 16:13:47,1099,10
正大集团2021-2022年度中央采购部校园招聘,2021-12-28 16:13:57,1145,1
福建工程学院2022年师资招聘计划,2021-12-28 16:13:32,1046,1
揽英才 金陵科技学院招才引智，诚邀您的加盟,2021-12-30 10:02:52,1338,1
集团财务室工作人员,2021-12-28 11:26:34,1043,1
职能管理类,2021-12-28 11:26:41,1046,6
湖北汽车工业学院 2021年面向社会专项公开招聘工作人员公告,2021-12-28 16:13:26,1029,1
中国海外工程有限责任公司2022届大学毕业生招聘公告,2021-12-28 16:14:07,1139,1
深圳市大数据研究院科研人员招聘简章,2021-12-29 08:22:37,1614,2
校园招聘,2021-12-28 16:14:17,1151,3
恒上咨询代宽带资本旗下云天使基金投资经理,2021-12-28 16:14:49,1745,1
招聘python实习生,2021-12-28 16:14:55,139,1
长三角腹地-常州工学院2021年人才招聘启事,2021-12-28 16:14:24,1202,1
九江学院2022年人才招聘公告,2021-12-29 08:22:23,1530,1
中国搜索2022年校园招聘简章,2021-12-29 13:08:19,1471,1
宁波工程学院2021年高层次人才（教师）招聘公告,2021-12-28 16:14:35,1344,1
人力资源实习生,2021-12-28 11:24:50,84,1
2022年北京城市学院招聘启事,2021-12-28 11:24:28,973,4
2022软件开发实习提前批 （有转正机会）,2021-12-28 11:24:13,122,1
亚马逊云科技实习生招聘,2021-12-28 11:24:56,114,1
12月29日智联直播 | 500强企业远东控股集团（多专业）,2021-12-28 11:24:42,887,1
上海人工智能研究院日常实习,2021-12-28 11:25:03,120,1
2022年校招岗位-金融公司,2021-12-28 11:26:01,960,1
亚马逊自有品牌实习生招聘,2021-12-28 11:25:18,124,1
武汉市自然资源和规划信息中心2021-2022年应届毕业生和相关岗位社会人才招聘简章,2021-12-28 11:25:39,908,1
广州华立学院2022年博士招聘启事,2021-12-28 11:25:45,946,1
厦门理工学院2021年公开招聘人才启事,2021-12-28 11:25:28,879,1
山东电力设备有限公司2022届高校毕业生招聘,2021-12-28 11:26:09,985,1
浙江师范大学2021年专任教师招聘公告,2021-12-28 11:25:11,889,1
北京上元信安技术有限公司招聘,2021-12-28 11:26:23,1027,4
江西服装学院2022年招聘启事,2021-12-28 11:26:17,1003,1
2021-2022零点有数校园招聘火热开启,2021-12-25 12:07:36,1138,3
2022年中信证券股份有限公司北京分公司管培生校园招聘,2021-12-25 12:07:41,1197,1
数码视讯科技集团2022届校园招聘,2021-12-27 10:28:05,942,1
中国电子科技集团公司第五十研究所【2022届校招】,2021-12-25 12:08:34,1501,7
泰山学院2022年人才引进不限专业,2021-12-25 12:07:32,1130,1
2022中公教育校园招聘,2021-12-27 12:11:34,909,1
苏州恩巨网络有限公司,2021-12-27 12:11:48,937,4
2022届校园招聘,2021-12-27 12:11:53,988,1
三环集团2022届秋季校园招聘火热进行中,2021-12-28 11:23:52,854,2
未来已来 只等你来 ——海南自由贸易港招才引智活动致广大学子的邀请函,2021-12-27 12:11:58,995,1
集团后勤部工作人员,2021-12-27 12:11:39,915,1
集团办公室工作人员,2021-12-27 12:11:44,913,1
一汽解放汽车有限公司2022年秋季校园招聘启事,2021-12-28 11:23:45,855,1
中科院兰州化物所2022年人才招聘启事,2021-12-25 12:08:02,1281,1
芯征程,2021-12-28 11:24:05,871,5
重庆能源职业学院招聘简章,2021-12-23 09:32:51,955,1
唐山银行2022年校园招聘启事,2021-12-24 09:58:06,1113,1
天津大学“生物信息测量与生物制造实验室”诚聘英才,2021-12-23 13:25:59,899,1
电子科技大学先进毫米波技术集成攻关研究院招聘青年教师、博士后,2021-12-23 13:26:09,989,1
中关村发展集团  2022年校园招聘及博士后招聘公告,2021-12-23 15:42:49,998,1
银联国际有限公司2022届校园招聘,2021-12-23 15:43:11,1077,1
应届实习,2021-12-24 09:59:35,244,5
进出口招贤纳士,2021-12-24 09:59:12,1130,4
销售&技术管理培训生招聘,2021-12-24 09:59:56,1130,2
山东建筑大学第五届“海右青年学者论坛”诚邀海内外英才相聚云端,2021-12-24 09:58:15,1111,1
雅培中国2022校园招聘,2021-12-24 15:46:28,1118,1
宇通集团2022届管培生招聘简章,2021-12-24 15:46:54,1118,1
北京工业大学先进电池材料与器件研究所（尉海军教授课题组）2021-2022年人才招聘,2021-12-24 16:05:52,1399,1
深圳雅学科技有限公司2021年招聘,2021-12-24 15:47:00,1174,1
正大集团2021-2022年度中央采购部校园招聘,2021-12-22 12:32:01,867,1
C&F School 阳光心霖儿童公社2022年校园招聘,2021-12-25 12:07:27,1107,6
兵器装备集团财务有限责任公司 2022届校园招聘,2021-12-22 13:54:38,896,1
吉首大学张家界学院2022年专任教师招聘公告,2021-12-22 14:35:14,876,3
中企通信2022校园招聘,2021-12-22 15:03:28,909,1
安徽理工大学2022年博士招聘,2021-12-22 12:32:11,858,1
2022年春季全国博士、博士后高级人才专场巡回签约洽谈会——中国科学院大学站,2021-12-22 14:35:04,870,2
商丘工学院2022年教师招聘,2021-12-23 09:32:06,878,1
深圳市影子投资管理有限公司校园诚聘,2021-12-23 09:31:19,871,3
瀛通通讯股份有限公司2022届毕业生,2021-12-22 15:13:56,887,2
中国船舶第八研究院（扬州院区·原七二三所）诚聘人才公告,2021-12-23 09:31:34,880,1
北京航空航天大学虚拟现实技术与系统国家重点实验室2021年专职工程师招聘公告,2021-12-23 09:32:22,897,1
苏州｜常熟理工学院2021-2022年面向海内外诚聘英才,2021-12-23 09:32:33,879,1
广州航海学院 广州交通大学（筹）2021年招聘教授公告,2021-12-23 09:32:39,893,1
不负韶华 共筑梦想-枣庄学院2021年人才招聘启事,2021-12-23 09:31:27,871,1
2021下半年浙江农林大学专任教师岗位招聘公告,2021-12-23 09:32:45,887,1
中山大学微电子科学与技术学院人才招聘,2021-12-21 13:39:39,830,1
中信证券北京分公司2022年校园招聘,2021-12-21 13:39:52,877,1
深圳市巨博华投资有限公司，期待与聪明勤奋、不甘平庸、正直守信的你，携手打造中国最优秀的量化交易团队,2021-12-22 12:30:56,804,2
上海交通大学微纳工程科学重点实验室2021-2022年招聘简章,2021-12-21 13:39:45,837,1
网易有道2022届秋季校园招聘火热进行ing,2021-12-22 12:31:01,829,1
东北电力大学2021-2022年诚聘海内外人才,2021-12-22 12:31:05,809,1
紫光数码集团2022年度高校毕业生招聘,2021-12-22 12:31:29,845,1
小米集团2022全球校园招聘-汽车专项,2021-12-22 12:31:43,870,1
小黑盒2022年校招,2021-12-22 12:31:33,844,6
湖南省融资担保集团2022校园招聘,2021-12-22 12:31:19,825,1
福州大学博士后科研流动站2022年人才招聘计划,2021-12-22 12:31:24,824,1
宁夏大学煤炭高效利用与绿色化工国家重点实验室 学术带头人/青年研究骨干/博士后招聘,2021-12-22 12:31:10,804,1
新乡医学院2021年诚聘海内外高层次人才,2021-12-22 12:31:15,806,1
华夏人寿保险股份有限公司2022届校园招聘启事,2021-12-22 12:31:47,851,1
北京朗姿韩亚资产管理有限公司博士后科研工作站2022年度招聘简章,2021-12-22 12:31:57,830,1
闽南科技学院2021-2022学年招聘启事,2021-12-20 18:32:27,799,1
全球招聘！科学岛诚邀海内外人才加盟！,2021-12-20 18:32:09,790,1
北京市地铁运营有限公司技术创新研究院招聘,2021-12-20 18:32:37,848,1
【佳能医疗】研发岗：AI算法/C++开发,2021-12-20 18:32:13,797,2
2022年应届生招聘,2021-12-20 18:32:18,796,6
首钢集团财务有限公司招聘,2021-12-21 10:37:09,856,1
北京司拓民航科技有限责任公司 2022年校园招聘简章,2021-12-21 13:39:14,842,1
【金融科技·创变未来】中金公司信息技术部2022届应届生专项招聘,2021-12-21 13:39:03,900,5
行业第一，宇通集团2022年应届毕业生管培生招聘简章,2021-12-20 13:36:11,778,1
【空中宣讲】多益网络2022校园招聘-补录专场,2021-12-20 18:32:32,801,1
2022年徐工机械建设机械分公司校园招聘,2021-12-21 13:39:20,828,1
中国发展研究基金会2022年招聘启事,2021-12-20 13:36:06,787,1
远东控股集团2022校园招聘,2021-12-20 13:36:20,783,6
2022中国电建集团青海省电力设计院有限公司电气师校园招聘,2021-12-21 08:32:21,854,1
2021-2022年中车唐山机车车辆有限公司招聘启事,2021-12-20 13:36:15,766,2
陕西科技大学2022年博士后研究人员招收公告,2021-12-18 15:11:51,769,1
诺唯赞2022全球校园招聘—博士人才招聘计划正式启动,2021-12-18 15:11:33,765,1
广东电网有限责任公司2022年博士后人员招聘启事,2021-12-18 15:11:42,772,1
石家庄医学高等专科学校2022年教师招聘,2021-12-18 15:11:47,765,1
ASM先进科技2022校园招聘补录,2021-12-18 15:12:01,795,1
中国电子科技集团公司第十一研究所招聘,2021-12-18 15:11:37,833,1
中企伍佰信息技术研究院招聘院长助理,2021-12-19 11:15:35,918,1
慧策（北京掌上先机网络科技有限公司）2022校园招聘,2021-12-20 13:35:52,767,2
行政助理,2021-12-19 11:15:40,196,1
上海天数智芯半导体有限公司2022校园招聘文稿,2021-12-19 11:14:33,783,1
南京理工大学基础前沿交叉中心教师招聘,2021-12-20 13:35:57,771,1
桂林理工大学2021年诚聘海内外人才,2021-12-20 08:27:40,772,1
广西师范大学2021年人才招聘公告,2021-12-20 08:27:47,772,1
耀未来，乘青春——耀乘健康2022校园招聘,2021-12-19 11:14:42,741,1
2022中公教育校园招聘,2021-12-20 13:36:01,766,1
包头市文化旅游广电局2021年直属单位人才引进公告,2021-12-18 15:10:13,712,1
2021-2022零点有数校园招聘火热开启,2021-12-18 15:09:50,751,3
谷斗科技招聘简章,2021-12-18 15:09:55,755,9
中信证券北京分公司培训生,2021-12-18 15:10:04,745,1
海纳天下才，智汇石家庄——第一届石家庄“海石杯”高层次人才创新创业大赛,2021-12-18 15:10:09,759,1
九江学院2022年诚聘海内外人才,2021-12-18 15:09:59,743,1
大连人才服务中心 “学子来连、业成滨城”2021-2022 空中双选会邀请函,2021-12-18 15:10:18,756,1
客户经理,2021-12-18 15:11:00,763,1
北京宏天信业信息技术股份有限公司 -- 应届毕业生招聘,2021-12-18 15:10:46,775,1
顺丰科技2022新探计划启动,2021-12-18 15:10:55,210,1
销售专员,2021-12-18 15:11:05,179,1
上海中广核工程科技有限公司2022校园招聘,2021-12-18 15:11:19,787,4
三环集团2022届秋季校园招聘,2021-12-18 15:11:14,780,2
北京大兴国际机场航空食品有限公司 2022年校园招聘,2021-12-18 15:11:23,782,1
广州虹科电子2022秋季校园招聘（全国）,2021-12-18 15:10:35,749,2
曲靖师范学院2021年公开招聘事业编制高层次人才,2021-12-15 14:58:43,855,1
高和资本2022届新生力校园招聘,2021-12-15 10:18:19,796,1
超星集团秋季校园招聘,2021-12-15 10:18:27,793,8
上海人工智能实验室招聘公告,2021-12-15 11:27:03,819,1
中国石化上海石油化工研究院2021-2022年度人才招聘,2021-12-15 09:47:57,783,1
给你舞台，让你精彩-同达信恒面向理工科招聘,2021-12-15 09:48:05,768,1
慧策（北京掌上先机网络科技有限公司）2022秋季校园招聘,2021-12-15 09:48:12,756,2
江西应用技术职业学院2021年下半年公开招聘高层次人才,2021-12-15 14:58:47,855,1
商业航天明星企业【零壹空间】校招答疑会来啦！！,2021-12-15 14:59:11,898,1
浙江创邻科技有限公司招聘信息,2021-12-15 14:58:52,268,9
中国石化大连石油化工研究院全球招聘人才公告,2021-12-16 16:13:14,860,1
上海理成资产管理有限公司招聘研究部日常实习生,2021-12-15 14:59:01,268,1
物美科技集团简介,2021-12-15 14:59:06,919,1
重庆邮电大学高层次人才招聘,2021-12-16 16:12:40,889,1
山东电力设备有限公司2022届毕业生招聘,2021-12-16 16:12:56,879,1
中国工程物理研究院  研究生院诚聘英才,2021-12-14 14:18:50,718,1
燕山大学2021-2022年诚聘海内外优秀人才,2021-12-14 14:19:37,750,1
炬光科技2022校园招聘简章,2021-12-14 14:20:14,762,1
攀枝花学院2021年第五批直接考核招聘高层次人才公告,2021-12-14 14:19:44,746,1
招聘实习生和管培生,2021-12-14 14:19:51,227,1
你与我的距离   只有一封简历的厚度,2021-12-14 14:20:06,768,4
广西电力职业技术学院2021年博士人才专项招聘公告,2021-12-14 14:19:00,737,1
高中各学科骨干教师,2021-12-14 14:21:07,779,1
技术支持人员/外贸商务人员/网络推广人员,2021-12-14 14:22:07,199,1
苏州恩巨网络有限公司,2021-12-14 14:21:31,759,4
初中各学科教师,2021-12-14 14:21:56,759,1
北京龙双利达知识产权代理有限公司招聘简章      （工作地点：北京、西安、南京）,2021-12-15 09:47:31,749,1
百年西建大 引才进行时-西安建筑科技大学2021年教师（师资博士后）招聘公告,2021-12-14 14:26:59,792,1
2022年中国安全防伪证件研制中心,2021-12-15 09:47:40,794,8
“梦想靠岸”招商银行佛山分行2022校园招聘启事（冬季场）,2021-12-13 08:30:06,686,1
自如集团2022管培生招聘,2021-12-13 14:14:53,699,1
小米集团2022全球校园招聘-热招岗位,2021-12-13 14:15:02,777,1
放手而为，成就精彩，英特尔中国2022校园招聘研发岗补招进行中！,2021-12-15 09:47:50,805,1
引才新政 待遇优厚-广西科技大学2021-2022年面向海内外诚聘优秀人才,2021-12-13 14:14:34,695,1
北京宏达一甲教育科技有限公司2022招聘季,2021-12-13 15:51:49,693,2
科讯嘉联 2022 届校园招聘简章,2021-12-13 14:15:14,720,2
网易有道2022届秋季校园招聘,2021-12-14 10:30:24,791,1
兰州化物所2022年人才招聘启事,2021-12-13 14:13:01,685,1
四川轻化工大学2022年人才引进政策,2021-12-13 15:57:22,706,0
数码视讯科技集团2022届校园招聘,2021-12-14 10:31:14,765,1
江苏科技大学2021年诚聘海内外优秀人才,2021-12-13 16:04:03,826,0
中信证券北京分公司管培生 18个月培训期,2021-12-14 14:18:36,757,1
【甘肃国企】金川集团面向北京邮电大学秋季招聘信息,2021-12-10 15:56:47,745,1
卧龙采埃孚汽车电机有限公司 2022届招聘启事,2021-12-14 10:32:56,755,1
南方科技大学计算机科学与工程系2022年实验教学人员招聘启事,2021-12-14 14:18:13,735,1
小屯派科技2022年校园招聘,2021-12-10 15:56:55,731,6
商丘工学院2021年教师招聘,2021-12-10 15:57:05,719,1
2022中国电建集团青海省电力设计院有限公司校园招聘,2021-12-13 08:32:28,736,4
北京司拓民航科技有限责任公司2022年校园招聘简章,2021-12-10 15:57:13,740,1
厦门松霖2022届校园招聘简章,2021-12-10 15:57:50,740,1
2022年国防科技大学电子科学学院面向海内外诚聘博士人才,2021-12-10 15:58:02,775,1
人工智能算法实习生,2021-12-10 15:58:31,187,1
供应链决策/机器学习/算法工程师,2021-12-10 15:58:36,182,1
揽英才 金陵科技学院招才引智，诚邀您的加盟,2021-12-10 15:57:39,731,1
揽英才! 金陵科技学院招才引智诚邀您的加盟,2021-12-10 15:57:56,741,1
长三角核心区-嘉兴学院2021-2022年度人才引进招聘公告,2021-12-10 15:58:25,840,1
校招管培生,2021-12-09 08:52:32,754,1
【校招】中信证券北京分公司管培生,2021-12-09 08:52:50,747,1
首钢集团有限公司技术研究院,2021-12-13 08:27:57,683,1
中讯邮电咨询设计院有限公司郑州分公司,2021-12-09 08:53:25,761,10
加入航天，为国防做贡献,2021-12-13 08:28:03,717,1
代宽带资本招聘投资经理,2021-12-09 09:01:07,504,1
中金创新（深圳）资产管理有限公司2021年招聘,2021-12-09 09:04:25,773,3
慧策（北京掌上先机网络科技有限公司）2022秋季校园招聘,2021-12-09 08:58:19,617,2
2021-2022零点有数校园招聘火热开启,2021-12-13 08:27:51,659,3
鹰瞳科技-Airdoc-实习生招聘,2021-12-13 08:27:44,190,1
前端开发工程师,2021-12-09 08:54:06,745,15
TOP TOY TMC 2022届校园招聘,2021-12-09 09:20:52,781,1
北京柠檬微趣2022届秋招实习生招聘,2021-12-09 08:55:36,176,1
方田教育2022年校园招聘,2021-12-09 10:46:02,775,1
网易有道2022届秋季校园招聘火热进行ing,2021-12-10 15:55:44,699,1
南京理工大学智能制造学院教师招聘,2021-12-10 15:55:58,723,1
慧原生，聚清春 ——慧清科技2022校园招聘简章,2021-12-09 09:48:16,816,9
广东湛江海洋医药研究院2021年招聘博士后研究人员启事,2021-12-08 08:50:14,791,0
2022校招中信证券北京分公司管培生,2021-12-10 15:56:06,729,1
广东省农村信用社联合社  2022届秋季校园招聘补录公告,2021-12-10 15:56:12,731,1
四川省环境政策研究与规划院公开招聘非在编人员公告,2021-12-08 09:07:47,799,0
前端开发实习生,2021-12-08 09:13:34,134,1
上商控股集团有限公司校园招聘,2021-12-08 09:13:51,822,1
山东英科医疗2022届校园招聘简章,2021-12-08 09:14:09,821,1
软件开发实习生-DevOps,2021-12-08 09:12:48,144,1
海军航空大学2022年面向社会公开招考文职人员,2021-12-08 09:15:22,839,1
北京司拓民航科技有限责任公司 2022年校园招聘简章,2021-12-09 08:42:52,671,1
厦门立林科技有限公司2022年校园招聘,2021-12-08 09:52:10,838,12
北京师范大学认知神经科学与学习国家重点实验室2021年聘用制人员招聘启事,2021-12-09 08:49:03,690,1
董事会秘书,2021-12-08 10:13:57,856,1
中国人民公安大学2022年度统一公开招录人民警察预公告,2021-12-08 11:10:50,939,0
重磅来袭！2022年海军潜艇学院人才引进公告,2021-12-08 09:14:54,840,1
2022年校园招聘,2021-12-09 08:51:47,779,3
【游戏奋斗者】多益网络2022校园招聘补录！,2021-12-08 09:08:50,818,1
让世界看到你的影响力——航天宏图·校园招聘,2021-12-07 09:04:48,1100,4
51WORLD-2022届校园招聘简章,2021-12-06 15:26:52,825,0
物产中大国际贸易集团2022届校园招聘简章,2021-12-06 14:46:13,823,0
人才招聘,2021-12-06 14:30:50,830,2
专利工程师/专利代理师,2021-12-06 14:30:18,796,1
香港中文大学（深圳）诚聘海内外优秀人才,2021-12-06 15:36:28,837,0
中信证券北京分公司管培生-校招,2021-12-07 09:42:16,1141,1
中科星图—星图气象2022-2023年校园招聘计划,2021-12-07 09:41:24,758,6
中联重科（工业互联网板块）2022届校园招聘简章,2021-12-07 10:57:42,1445,1
龙盈智达（北京）科技有限公司,2021-12-07 10:40:32,1155,0
年轻 未来可期 ——浙江省农信联社2022年校园招聘公告,2021-12-06 14:37:44,841,10
北京营地导师实习生,2021-12-07 10:59:12,130,1
华展鑫荣公司招聘学生就业,2021-12-08 08:40:25,823,1
“权威发布”国防科技大学2022年公开招考文职人员计划,2021-12-06 14:10:46,813,1
在浙里 职面未来-浙江建设职业技术学院2021年人才招聘公告,2021-12-06 14:23:59,820,1
权威发布！火箭军工程大学2022年面向社会公开招考文职人员,2021-12-06 14:23:23,797,1
软件研发工程师（高性能计算）,2021-12-07 09:39:04,1074,8
校招,2021-12-06 14:24:42,798,4
2022中公教育业务岗位招聘,2021-12-06 14:25:36,797,1
诚揽天下英才 聚力强军伟业-海军航空大学2022年面向社会公开招考文职人员,2021-12-06 14:26:05,807,1
兴华会计师事务所2022秋季校园招聘,2021-12-06 14:26:40,802,1
软件研发工程师（系统）,2021-12-06 14:26:57,795,1
实习,2021-12-06 14:25:09,113,3
2022年海军潜艇学院人才引进重磅来袭,2021-12-06 14:22:26,802,1
2021年-2022年度远洋数据校园招聘,2021-12-06 14:27:53,803,5
权威发布！火箭军工程大学2022年面向社会公开招考文职人员岗位计划,2021-12-06 14:37:12,847,1
北京爱帮智汇科技有限公司2022年度校园招聘公告,2021-12-02 08:54:57,790,4
由你定E新世界”，面向全球2022届校园人才   2022卡奥斯未来合伙人全面启动！,2021-12-06 14:28:29,811,1
网龙网络公司2022届秋季校园招聘简章,2021-12-02 08:53:07,772,1
炬光科技2022校园招聘简章,2021-12-02 11:04:29,779,1
浙江建设职业技术学院2021年人才引进计划,2021-12-03 16:09:41,795,1
沈阳兴华航空电器有限责任公司,2021-12-06 14:30:00,805,1
商丘工学院2021-2022学年教师招聘,2021-12-03 16:09:00,780,1
招聘新媒体编辑/美编设计/授课讲师,2021-12-03 16:10:42,785,3
建攀登计划 创世界一流-首都师范大学2021-2022年博士后科研  人员招收公告,2021-12-03 16:09:57,782,1
【游戏奋斗者】多益网络2022校园招聘补录,2021-12-06 14:29:45,815,4
北京晨晶电子有限公司 【高新技术国企】北京晨晶电子2022校招盛大启动,2021-12-03 16:30:25,796,1
北京市硕博高层次人才洽谈会---工业和信息化部人才交流中心,2021-12-06 14:29:09,885,1
埃特曼（北京）半导体技术有限公司招聘,2021-12-03 16:31:36,819,11
创新之路、智慧领航 卡斯柯信号有限公司2022年度校园招聘,2021-12-03 16:35:15,810,4
【全职】【算法工程师】,2021-12-03 16:30:05,788,1
日立电梯2022“未来之梯，与你同立”校园招聘,2021-12-03 16:32:11,814,2
厦门大学嘉庚学院2021-2022学年人才招聘启事,2021-12-03 16:38:27,827,1
湖北文理学院人才招聘,2021-12-06 14:09:21,790,1
中信资本先进技术投资团队 实习生招聘,2021-12-01 16:08:42,146,1
浙江大学化学系、浙大杭州国际科创中心郭庆辉课题组2021年诚招博士后,2021-12-01 16:13:47,728,1
西安电子科技大学期刊中心2021年外聘人员一般岗位招聘公告,2021-12-01 16:14:37,714,1
中国邮政集团有限公司山西省分公司 2022年度校园招聘公告,2021-12-01 16:20:15,759,1
中国移动总部网络事业部“金种子计划” 专项校园招聘,2021-12-01 16:24:21,831,1
权威发布！国防科技大学2022年文职人员招考公告,2021-12-06 14:10:22,803,1
巢湖学院博士人才引进公告（待遇优渥） （安徽·合肥）,2021-12-01 16:32:58,748,1
科技兴邦 强军报国-国防科技大学第六十三研究所2021-2022年文职、博士后招收,2021-12-01 16:54:29,785,1
助理研究员,2021-12-02 08:45:08,787,1
诚邀海内外优秀青年人才参加河南大学第五届国际青年学者（博士后）论坛,2021-12-02 08:45:35,774,1
网罗英才 智创未来 罗克韦尔自动化大连软件研发中心2022秋季校园招聘简章,2021-12-02 08:46:27,769,2
罗克韦尔自动化大连软件研发中心实习生招聘简章,2021-12-02 08:46:48,121,2
网易有道秋招补招-火热进行ing（免笔试！）,2021-12-02 08:48:53,821,1
广州虹科电子科技2022秋季校园招聘（全国）,2021-12-02 08:41:40,774,3
易航智能—供应链管理专员,2021-12-02 08:52:03,780,1
北京爱万提斯科技有限公司2022年校园招聘,2021-12-01 11:18:44,724,0
 中联重科2022届校园招聘简章,2021-12-01 11:06:49,718,0
中国铁路物资集团有限公司  2022校园招聘简章,2021-12-01 11:08:54,759,0
厦门雅迅网络股份有限公司2022届校园招聘简章,2021-12-01 11:15:32,714,0
朝晖股份 2022 校园招聘简章,2021-12-01 11:23:01,716,0
亚马逊中国 2022年实习生招聘正式启动！,2021-12-02 08:50:09,237,3
合肥安晶龙电子股份有限公司2022届校园招聘,2021-12-01 14:42:18,728,5
"吴奇院士团队招聘博士后公告（分子生物学, 高分子，化学工程和食品专业）",2021-12-01 11:33:15,721,4
2022届阿丘科技校园招聘,2021-12-01 15:56:56,748,4
北京伏尔特技术有限公司2022校园招聘,2021-12-01 14:44:03,753,5
中信证券校招管培生-北京分公司,2021-12-01 15:56:08,750,1
开源证券【北交所业务专场】2022届校园招聘,2021-12-01 15:56:28,754,1
2022年江苏省泰州市选聘党政青年人才简章,2021-12-01 16:05:42,759,1
景贤礼士 WE梦相聚 ——北京市石景山区“走进高校引才计划” 宣讲招聘公告,2021-12-01 15:58:55,752,1
赓续百年初心 担当育人使命-大庆师范学院2021年下半年公开招聘教师公告,2021-12-01 15:58:09,727,1
中国联合工程有限公司2022届校园招聘,2021-12-01 15:59:08,755,1
C++实习工程师-可转正,2021-11-30 09:12:37,135,1
2022届赛尔网络有限公司校园招聘简章,2021-11-30 19:55:20,738,1
远洋集团2022届校园招聘,2021-11-30 19:56:48,729,1
教师（硕士）,2021-11-29 14:52:44,720,1
教师（博士）,2021-11-29 14:52:55,717,1
ASM先进科技2022校园招聘补录,2021-11-30 09:13:47,789,1
本邦科技 22届应届毕业生校招项目,2021-12-01 08:54:53,733,3
河北省农村信用社 2021年员工招聘简章,2021-12-01 11:00:57,711,2
 中联重科（工业互联网板块）2022届校园招聘简章,2021-12-01 11:04:58,736,0
全国中小企业股份转让系统有限责任公司 2021年下半年招聘公告,2021-12-01 09:42:32,747,0
通讯科技公司诚招项目管理/商务助理,2021-12-01 09:43:03,732,1
"吴奇院士团队招聘博士后公告（分子生物学, 高分子，化学工程和食品专业）",2021-12-01 10:18:25,727,4
和芯星通科技（北京）有限公司人才引进,2021-12-01 11:00:08,730,1
2022慧策（北京掌上先机网络科技有限公司）校园招聘,2021-12-01 11:00:52,722,1
空军工程人才引进公告,2021-12-01 08:55:32,784,1
哈药集团股份有限公司,2021-11-22 00:00:00,726,2
北京巴别时代科技有限公司-巴别时代2022校招,2021-11-22 00:00:00,736,1
2022中公教育校园招聘,2021-11-23 00:00:00,718,0
锐方（上海）私募基金管理有限公司招聘,2021-11-22 00:00:00,717,1
商业航天明星企业【零壹空间】空中宣讲来啦！！,2021-11-22 00:00:00,710,1
中国文化产业发展集团有限公司,2021-11-23 00:00:00,129,1
鼎道智联2022届校园招聘简章,2021-11-23 00:00:00,731,0
上海佳期投资管理有限公司,2021-11-24 00:00:00,138,3
高盛高华证券有限责任公司,2021-11-24 00:00:00,425,2
高盛高华证券有限责任公司,2021-11-24 00:00:00,541,2
宁波国君源泓投资管理有限公司是在中国基金业协会备案的私募股权基金管理人，网络信息安全行业研究员和投资经理招聘,2021-11-25 11:26:58,731,2
广芯电子技术(上海)股份有限公司校招信息,2021-11-26 09:15:25,743,4
中国电子科技集团公司第十一研究所,2021-11-26 15:57:59,849,1
东华大学民用航空复合材料协同创新中心2021年招聘启事,2021-11-26 16:15:03,704,1
宁波国君源泓投资管理有限公司是在中国基金业协会备案的私募股权基金管理人，招聘网络信息安全投资经理和研究员,2021-11-26 16:14:47,726,2
中国科学院微电子研究所低功耗智能芯片与系统团队招聘,2021-11-19 00:00:00,725,1
中国科学院天津工业生物技术研究所体外合成生物学中心游淳课题组招聘启事,2021-11-21 00:00:00,673,1
武汉东湖学院高层次（高学历）人才招聘公告,2021-11-21 00:00:00,683,1
重庆邮电大学2021-2022年招聘启事,2021-11-19 00:00:00,730,1
嘉应学院2021-2022年人才招聘启事,2021-11-19 00:00:00,710,1
青岛海信微联信号有限公司2022届校园招聘,2021-11-21 00:00:00,694,1
九江学院2021年高层次人才招聘公告,2021-11-21 00:00:00,667,1
深圳大学广东省海洋藻类开发与应用工程重点实验室博士后招聘,2021-11-22 00:00:00,661,0
台州学院高等研究院—智能信息处理研究所招聘启事,2021-11-22 00:00:00,659,0
北京市联德律师事务所校招,2021-11-22 00:00:00,666,1
西安工业大学新能源科学与技术研究院2021招聘简章,2021-11-22 00:00:00,668,0
北京市联德律师事务所校招,2021-11-22 00:00:00,85,1
闽江学院2021下半年度高层次人才招聘公告,2021-11-22 00:00:00,677,0
北京大学化学与分子工程学院纳米结构功能材料课题组招聘优秀人才,2021-11-22 00:00:00,662,0
天津雀巢有限公司,2021-11-22 00:00:00,725,1
重庆川仪控制系统有限公司上海分公司,2021-11-19 00:00:00,687,1
南京信息工程大学高端光电仪器及激光技术团队诚招青年教师和师资博后,2021-11-18 00:00:00,654,1
山东省科学院海洋仪器仪表研究所齐鲁工业大学（山东省科学院）海洋技术科学学院招聘,2021-11-18 00:00:00,649,1
中国农业银行博士后科研工作站2022年度招收博士后研究人员公告,2021-11-19 00:00:00,692,1
广芯电子技术（上海）股份有限公司,2021-11-19 00:00:00,704,3
丽水学院2021年下半年人才招聘启事,2021-11-18 00:00:00,653,1
国家计算机网络应急技术处理协调中心安徽分中心2022年度公开招聘公告,2021-11-19 00:00:00,666,1
北方自动控制技术研究所2021年招聘启事,2021-11-19 00:00:00,704,1
广东省电信规划设计院有限公司北京分院2022校园招聘,2021-11-19 00:00:00,755,5
2022南京理工大学江阴校区教师招聘,2021-11-19 00:00:00,689,1
台州学院高等研究院——智能信息处理研究所招聘启事,2021-11-19 00:00:00,692,1
超星集团2021秋季校园招聘（全国）,2021-11-19 00:00:00,715,1
宽带资本,2021-11-19 00:00:00,713,1
工业和信息化部网络安全产业发展中心（工业和信息化部信息中心）,2021-11-19 00:00:00,856,3
虹科电子,2021-11-19 00:00:00,695,2
龙盈智达（北京）科技有限公司,2021-11-17 00:00:00,700,7
北京市正泽学校2021年教师招聘公告,2021-11-17 00:00:00,703,1
上海烟草机械有限责任公司高层次人才招聘简章,2021-11-17 00:00:00,681,1
锐方（上海）私募基金管理有限公司,2021-11-17 00:00:00,683,1
天正地产集团有限公司,2021-11-17 00:00:00,599,1
香港科技大学工学院理学硕士（MSc）综合场线上招生宣讲会,2021-11-17 00:00:00,647,1
远东控股集团有限公司,2021-11-17 00:00:00,689,1
北京航空航天大学云南创新研究院,2021-11-17 00:00:00,682,2
中国电器科学研究院股份有限公司,2021-11-18 00:00:00,639,3
重庆海联职业技术学院2021年高层次人才引进,2021-11-18 00:00:00,641,1
重庆文理学院面向海内外公开招聘二级学院院长公告,2021-11-18 00:00:00,634,1
启明信息技术股份有限公司2022年校园招聘简章,2021-11-18 00:00:00,667,4
杭州谱育科技发展有限公司-开发类岗位,2021-11-18 00:00:00,671,1
九江学院2022年高层次人才招聘  ,2021-11-18 00:00:00,639,1
清华大学材料课题组招聘热电/热障/结构陶瓷博士后,2021-11-18 00:00:00,642,1
红谷集群科技有限公司,2021-11-16 00:00:00,674,1
深圳九算优化科技有限公司,2021-11-16 00:00:00,637,5
商业航天明星企业【零壹空间】空中宣讲来啦！！,2021-11-16 00:00:00,611,1
中国船舶工业系统工程研究院,2021-11-16 00:00:00,718,1
红谷集群科技有限公司,2021-11-16 00:00:00,642,1
北京胜信网络科技有限公司,2021-11-16 00:00:00,645,2
南京工业大学电控学院分论坛诚邀海内外英才参加,2021-11-16 00:00:00,626,1
东北农业大学2021年下半年人才公开招聘公告,2021-11-16 00:00:00,628,1
中国科学院长春应用化学研究所,2021-11-16 00:00:00,630,1
中国电建集团青海省电力设计院有限公司,2021-11-17 00:00:00,605,3
浙江大学王绪化团队招聘博士后和科研助理,2021-11-16 00:00:00,623,1
嘉应学院2021-2022年人才招聘启事,2021-11-16 00:00:00,627,1
厦门工学院2021-2022年教师招聘启事,2021-11-16 00:00:00,626,1
中铁投资集团有限公司,2021-11-16 00:00:00,744,5
南京理工大学新能源学院教师招聘,2021-11-16 00:00:00,638,1
电子工业出版社有限公司,2021-11-15 00:00:00,381,4
深圳小库科技有限公司校招,2021-11-12 00:00:00,362,3
攀枝花学院2021年高层次人才招聘简章,2021-11-14 00:00:00,617,1
电子工业出版社有限公司,2021-11-15 00:00:00,641,5
河北工大科雅能源科技股份有限公司,2021-11-15 00:00:00,662,4
东软集团,2021-11-12 00:00:00,634,5
山东电力设备有限公司,2021-11-15 00:00:00,622,1
新拓尼克（北京）科技研发中心有限公司,2021-11-15 00:00:00,651,7
新拓尼克（北京）科技研发中心有限公司,2021-11-15 00:00:00,400,7
筑巢引才 振兴三晋-晋中学院2021年人才引进公告,2021-11-15 00:00:00,634,1
中电国营第七二二厂秋季招聘公告,2021-11-15 00:00:00,679,1
中车株洲电力机车研究所有限公司 2022届校园招聘公告,2021-11-15 00:00:00,632,1
红谷集群科技有限公司,2021-11-16 00:00:00,375,2
广聚英才 共谋发展 南京工业职业技术大学2021年下半年海内外优秀人才招聘公告,2021-11-16 00:00:00,638,1
梦想启航 “职”通未来-内蒙古大学2021-2022年高薪诚聘海内外人才,2021-11-16 00:00:00,642,1
清华大学张晨团队2021年诚聘数据科学方向优秀博士后和科研助理,2021-11-11 00:00:00,643,1
中国科学院海西研究院厦门稀土材料研究中心2021-2022年科研人才招聘启事,2021-11-10 00:00:00,604,1
西华大学2021年人才招聘公告,2021-11-10 00:00:00,625,1
广东省特种设备检测研究院珠海检测院2022年招聘公告,2021-11-11 00:00:00,618,1
长城物业集团股份有限公司北京物业管理分公司,2021-11-10 00:00:00,643,1
光大科技有限公司秋季招聘,2021-11-10 00:00:00,665,1
浙江中控技术股份有限公司,2021-11-11 00:00:00,609,1
荷兰帕沃英蒂格盛有限公司深圳代表处,2021-11-11 00:00:00,649,1
【甘肃国企】金川集团面向北京邮电大学秋季招聘信息,2021-11-11 00:00:00,578,2
中资网络信息安全科技有限公司2022校招持续中【地点：北京】,2021-11-12 00:00:00,670,1
嘉实基金2022校园招聘,2021-11-12 00:00:00,631,1
西比爱斯汽车技术（上海）有限公司,2021-11-12 00:00:00,630,2
邯郸制药股份有限公司,2021-11-12 00:00:00,628,1
深圳小库科技有限公司校招,2021-11-12 00:00:00,327,2
南京理工大学网络空间安全学院教师招聘,2021-11-11 00:00:00,628,1
北京塔基资产管理有限公司,2021-11-08 00:00:00,686,1
上海视觉艺术学院2021-2022学年招聘启事,2021-11-08 00:00:00,597,1
中国联通哈尔滨软件研究院,2021-11-09 00:00:00,664,1
奋斗百年路 启航新征程-山东理工大学2021年诚聘海内外高层次人才,2021-11-09 00:00:00,646,1
商业火箭技术公司【零壹空间】邀您来撩！,2021-11-09 00:00:00,691,1
政府咨询项目助理,2021-11-09 00:00:00,717,1
北京菁正咨询有限公司,2021-11-09 00:00:00,368,1
深圳大学智能物联网中心杨亚涛特聘教授团队2021年博士后招聘公告,2021-11-09 00:00:00,696,1
深圳小库科技有限公司,2021-11-10 00:00:00,622,3
深圳小库科技有限公司,2021-11-10 00:00:00,627,4
深圳小库科技有限公司,2021-11-10 00:00:00,620,3
深圳小库科技有限公司,2021-11-10 00:00:00,619,1
深圳小库科技有限公司,2021-11-10 00:00:00,645,1
深圳小库科技有限公司,2021-11-10 00:00:00,625,1
南孔圣地-衢州有礼-事业编制-衢州学院2021年下半年人才招聘公告-评聘高级职称名额充足-解决子女入学,2021-11-10 00:00:00,609,1
厦门工学院2021-2022学年高层次人才（博士）引进计划,2021-11-07 00:00:00,580,1
东北农业大学2021年下半年人才公开招聘公告,2021-11-07 00:00:00,589,1
西南医科大学2021年诚聘海内外英才,2021-11-07 00:00:00,576,1
中国科学院微电子研究所低功耗智能芯片与系统团队招聘,2021-11-07 00:00:00,685,1
南亚热带作物研究所湛江站实验站2021年第六批博士研究生人员公开招聘公告,2021-11-07 00:00:00,580,1
岭南现代农业科学与技术广东省实验室高端人才、拔尖人才招聘公告,2021-11-07 00:00:00,589,1
南京工业大学-电控学院分论坛诚邀海内外英才参加,2021-11-08 00:00:00,605,1
长治学院2021年公开招聘博士研究生公告,2021-11-08 00:00:00,611,1
北京华宇信息技术有限公司博士后招聘&培养公告  ,2021-11-08 00:00:00,697,1
铁力山（北京）控制技术有限公司,2021-11-08 00:00:00,695,8
阳光人寿保险股份有限公司,2021-11-08 00:00:00,667,2
江西软件职业技术大学2021年专任教师招聘公告,2021-11-08 00:00:00,611,1
江西软件职业技术大学2021年行政管理及辅导员招聘公告 ,2021-11-08 00:00:00,620,1
以工报国 未来可期-厦门工学院2021年博士人才引进计划,2021-11-08 00:00:00,606,1
2022中公教育校园招聘-公考讲师,2021-11-08 00:00:00,667,1
桂林信息科技学院（原桂林电子科技大学信息科技学院）2021年专任教师招聘公告,2021-11-05 00:00:00,647,1
中山大学微电子科学与技术学院2021年人才招聘公告,2021-11-05 00:00:00,707,1
2022年国防科大电子科学学院公开招聘军队文职、博士后,2021-11-05 00:00:00,717,1
江苏科技大学2021年诚聘海内外优秀人才,2021-11-05 00:00:00,652,1
福建工程学院马克思主义学院教学科研人员招聘启事,2021-11-05 00:00:00,634,1
清华大学材料课题组招聘热电/热障/结构陶瓷博士后,2021-11-05 00:00:00,617,1
南京工业大学马克思主义学院诚聘高层次人才,2021-11-05 00:00:00,637,1
2021年南京工业大学高层次人才招聘,2021-11-05 00:00:00,671,1
加入我们！“船”承理想 强军报国-中国船舶第八研究院（南京）2022届校园招聘,2021-11-06 00:00:00,612,1
星际防务2022年校园招聘,2021-11-06 00:00:00,713,8
湖南拓维信息系统股份有限公司,2021-11-05 00:00:00,667,6
江苏科技大学2021年诚聘海内外优秀人才,2021-11-07 00:00:00,590,1
闽南师范大学2021年招聘公告,2021-11-05 00:00:00,656,1
材料科学姑苏实验室博士后招聘公告,2021-11-07 00:00:00,582,1
中科南京智能技术研究院招聘简章,2021-11-07 00:00:00,669,1
数码视讯科技集团2022届校园招聘,2021-11-03 00:00:00,662,1
溪牛投资管理（北京）有限公司,2021-11-03 00:00:00,639,1
铸魂育人 职等你来-2021常州大学诚邀海内外人才共谋发展,2021-11-03 00:00:00,636,1
医世界 渡未来——2022医渡科技校园招聘正式启动,2021-11-04 00:00:00,669,1
上海司南卫星导航技术股份有限公司,2021-11-04 00:00:00,671,1
中国科学院计算技术研究所2021年秋冬季博士人才视频双选会,2021-11-04 00:00:00,712,1
中山大学生物医学工程学院2021年诚聘英才,2021-11-05 00:00:00,675,1
南开大学化学学院陈军院士团队招收博士后和研发工程师,2021-11-04 00:00:00,651,1
中国重型汽车集团有限公司,2021-11-04 00:00:00,680,1
西安工业大学新能源科学与技术研究院2021招聘简章,2021-11-04 00:00:00,636,1
中科南京智能技术研究院招聘简章,2021-11-04 00:00:00,685,1
重庆邮电大学2021-2022年招聘启事,2021-11-04 00:00:00,677,1
中国科学院微电子研究所低功耗智能芯片与系统团队招聘,2021-11-04 00:00:00,662,1
东北农业大学2021年下半年人才公开招聘公告,2021-11-04 00:00:00,635,1
清华大学出版社有限公司,2021-11-05 00:00:00,741,10
浙江新课堂教育股份有限公司,2021-11-02 00:00:00,622,1
2022天阳科技校园招聘 锐阳计划 招聘简章,2021-11-02 00:00:00,644,7
2022中公教育校园招聘-教招讲师,2021-11-02 00:00:00,653,1
中国人民银行数字货币研究所,2021-11-02 00:00:00,779,1
中科南京智能技术研究院招聘简章,2021-11-02 00:00:00,656,1
河北农业大学2021年选聘博士公告,2021-11-02 00:00:00,622,1
不负韶华 共筑梦想-枣庄学院2021年人才招聘启事,2021-11-02 00:00:00,631,1
来浙，必有我师-浙江师范大学2021年专任教师招聘公告,2021-11-03 00:00:00,654,1
嘉庚创新实验室2021年博士后招聘公告,2021-11-03 00:00:00,651,1
深圳市赛元微电子有限公司,2021-11-03 00:00:00,662,3
成都交个朋友科技有限公司,2021-11-03 00:00:00,423,2
深圳市赛元微电子有限公司,2021-11-03 00:00:00,633,2
珠海格力电器股份有限公司,2021-11-03 00:00:00,641,1
最高待遇120万，有编制，福利好！湖北汽车工业学院2021年秋冬季博士人才视频双选会,2021-11-03 00:00:00,690,1
北京市经济与社会发展研究所,2021-11-03 00:00:00,693,2
深圳综合粒子设施研究院校园招聘公告,2021-10-31 00:00:00,616,1
厦门工学院2021年教师招聘启事,2021-10-31 00:00:00,616,1
香港科技大学22fall数据建模硕士学位项目线下招生宣讲会,2021-10-31 00:00:00,625,1
河北农业大学2021年选聘博士公告,2021-10-31 00:00:00,616,1
九江学院2021年高层次人才招聘公告,2021-10-31 00:00:00,610,1
姿美堂2022招聘简章,2021-11-01 00:00:00,578,3
第一创业证券2022届校园招聘,2021-11-01 00:00:00,633,1
IT 二线应用支持,2021-11-01 00:00:00,645,1
必创科技2022秋季校园招聘,2021-11-01 00:00:00,644,1
泰康保险集团股份有限公司,2021-11-01 00:00:00,629,6
逐梦一流 看浙里-宁波大学2021-2022年度公开招聘人才公告,2021-10-31 00:00:00,622,1
嘉兴学院2021年度人才引进招聘公告,2021-11-01 00:00:00,614,1
2022年度赴港攻读硕士,2021-11-01 00:00:00,701,1
北京未磁科技有限公司,2021-11-02 00:00:00,648,4
锐方（上海）私募基金管理有限公司,2021-11-02 00:00:00,604,2
天津南大通用数据技术股份有限公司,2021-10-29 00:00:00,643,7
清华大学出版社2022校园招聘,2021-10-29 00:00:00,694,10
天津南大通用数据技术股份有限公司,2021-10-29 00:00:00,661,1
中科南京智能技术研究院招聘简章,2021-10-28 00:00:00,652,1
战略支援部队信息工程大学洛阳校区2022年文职人员招聘、博士后招收简章,2021-10-29 00:00:00,657,1
深圳综合粒子设施研究院校园招聘公告,2021-10-29 00:00:00,631,1
重庆邮电大学2021-2022年招聘启事,2021-10-29 00:00:00,675,1
嘉应学院2021-2022年人才招聘启事,2021-10-29 00:00:00,639,1
山东省科学院海洋仪器仪表研究所2021-2022年招聘,2021-10-29 00:00:00,642,1
九江学院2021年高层次人才招聘公告,2021-10-29 00:00:00,635,1
南亚热带作物研究所湛江站实验站2021年第六批博士研究生人员公开招聘公告,2021-10-29 00:00:00,622,1
 广东机电职业技术学院、广东省博士工作站2021年博士研究生招聘公告,2021-10-31 00:00:00,620,1
南京信息工程大学高端光电仪器及激光技术团队诚招青年教师和师资博后,2021-10-31 00:00:00,604,1
台州学院高等研究院大数据智能医疗研究所2021-2022年招聘启事,2021-10-31 00:00:00,610,1
福建工程学院2022年师资招聘计划,2021-10-31 00:00:00,611,1
香港科技大学工学院研究生项目招生宣讲会,2021-10-27 00:00:00,636,1
2022中国安全防伪证件研制中心校园招聘简章,2021-10-27 00:00:00,699,7
中专隆天知识产权运营（深圳）股份有限公司,2021-10-27 00:00:00,128,1
闽南师范大学2021年诚纳英才,2021-10-26 00:00:00,639,1
遇“鉴”得物，预见未来！得物App2022校园招聘,2021-10-28 00:00:00,592,1
北京未尔锐创科技有限公司2022届校园招聘,2021-10-28 00:00:00,599,1
北京百奥知信息科技有限公司,2021-10-28 00:00:00,149,4
乐道济世 砥砺前行-潍坊医学院2021年诚聘海内外优秀博士,2021-10-28 00:00:00,689,1
应急管理部上海消防研究所 2022年招聘,2021-10-28 00:00:00,683,1
携手师大 筑梦未来-江苏师范大学2021年人才引进政策及计划,2021-10-28 00:00:00,662,1
国金基金2022校园招聘,2021-10-28 00:00:00,685,1
引才正当时 共筑西华梦-西华大学2021年人才招聘公告,2021-10-28 00:00:00,637,1
太初（无锡）电子科技有限公司2022校园招聘,2021-10-28 00:00:00,653,20
中国科学院国家空间科学中心2022年应届生招聘启事,2021-10-28 00:00:00,676,1
南通大学电气工程学院2021年诚聘海内外英才,2021-10-28 00:00:00,634,1
哈尔滨工业大学人工智能研究院有限公司,2021-10-25 00:00:00,656,1
中国科学院赣江创新研究院2021年优秀博士招聘启事,2021-10-25 00:00:00,633,1
2022中公教育校园招聘-考研讲师,2021-10-25 00:00:00,656,1
上海司南卫星导航技术股份有限公司,2021-10-25 00:00:00,652,7
中国科学院微电子研究所低功耗智能芯片与系统团队招聘,2021-10-26 00:00:00,654,1
【政府咨询项目助理】北京菁正咨询有限公司,2021-10-26 00:00:00,648,1
广西科技大学,2021-10-26 00:00:00,642,1
北银金融科技有限责任公司,2021-10-26 00:00:00,647,5
北银金融科技有限责任公司,2021-10-26 00:00:00,715,1
启明信息技术股份有限公司,2021-10-26 00:00:00,679,5
嘉应学院2021-2022年人才招聘启事,2021-10-26 00:00:00,630,1
江苏科技大学2021年诚聘海内外优秀人才,2021-10-26 00:00:00,642,1
中国科学院微电子研究所低功耗智能芯片与系统团队招聘,2021-10-26 00:00:00,660,1
中国科学院武汉岩土力学研究所科研岗位和特别研究助理（含博士后）招聘简章【长期有效】,2021-10-21 00:00:00,647,1
广东机电职业技术学院、广东省博士工作站2021年博士研究生招聘公告,2021-10-26 00:00:00,629,1
中科南京智能技术研究院招聘简章,2021-10-26 00:00:00,683,1
中国广电广州网络股份有限公司（原珠江数码）,2021-10-20 00:00:00,674,13
金川集团股份有限公司,2021-10-21 00:00:00,589,2
央企华侨城集团公司2022校园招聘,2021-10-21 00:00:00,667,2
嘉入我们 庚进一步-厦门大学嘉庚学院2021-2022学年人才招聘启事,2021-10-22 00:00:00,638,1
北京华龙通科技有限公司,2021-10-22 00:00:00,664,5
桂在珍惜 工候你来-桂林理工大学2021年诚邀优秀人才加盟,2021-10-24 00:00:00,656,1
材料科学姑苏实验室2021年高层次人才招聘启事,2021-10-24 00:00:00,640,1
河北农业大学2021年选聘博士公告,2021-10-24 00:00:00,645,1
嘉应学院2021-2022年人才招聘启事,2021-10-24 00:00:00,648,1
哈尔滨工业大学人工智能研究院有限公司,2021-10-25 00:00:00,676,4
哈尔滨工业大学人工智能研究院有限公司,2021-10-25 00:00:00,649,1
哈尔滨工业大学人工智能研究院有限公司,2021-10-25 00:00:00,635,1
哈尔滨工业大学人工智能研究院有限公司,2021-10-25 00:00:00,640,1
哈尔滨工业大学人工智能研究院有限公司,2021-10-25 00:00:00,643,1
中科南京智能技术研究院招聘简章,2021-10-17 00:00:00,662,1
管理咨询顾问-北京、西安、深圳,2021-10-18 00:00:00,647,3
2022中公教育校园招聘-教招讲师,2021-10-18 00:00:00,649,1
招商局检测认证控股有限公司,2021-10-18 00:00:00,354,1
中国广电广州网络股份有限公司,2021-10-19 00:00:00,660,13
厦门码灵半导体技术有限公司,2021-10-19 00:00:00,130,1
厦门码灵半导体技术有限公司,2021-10-19 00:00:00,114,1
中科本原科技（北京）有限公司,2021-10-19 00:00:00,763,15
厦门码灵半导体技术有限公司,2021-10-19 00:00:00,149,1
安捷中科（北京）数据科技有限公司,2021-10-19 00:00:00,655,1
北京未尔锐创科技有限公司,2021-10-20 00:00:00,597,1
智能驾驶激光雷达领军企业—深圳市速腾聚创科技有限公司 2022校园招聘宣讲会（北京站）,2021-10-19 00:00:00,653,1
中车信息技术有限公司,2021-10-20 00:00:00,699,4
浙江大学核医学创新研究中心招聘博士后,2021-10-20 00:00:00,643,1
东南数字经济发展研究院,2021-10-13 00:00:00,656,6
锐方（上海）私募基金管理有限公司招聘,2021-10-13 00:00:00,652,2
中国国际技术智力合作集团有限公司,2021-10-20 00:00:00,123,1
西安电子科技大学杭州研究院2021年全球招聘引才公告,2021-10-14 00:00:00,670,1
广东省工业设备安装有限公司,2021-10-14 00:00:00,746,1
成都思科瑞微电子股份有限公司,2021-10-14 00:00:00,659,2
携程计算机技术（上海）有限公司,2021-10-14 00:00:00,755,1
ASM先进科技（中国）有限公司2022校园招聘（成都）,2021-10-15 00:00:00,679,7
中国科学院微电子研究所低功耗智能芯片与系统团队招聘,2021-10-14 00:00:00,728,1
图灵深视（北京）科技有限公司,2021-10-15 00:00:00,658,8
中国技术进出口集团有限公司,2021-10-15 00:00:00,715,6
中国石化上海石油化工研究院2021年人才招聘,2021-10-14 00:00:00,726,1
中信证券股份有限公司杭州凤起路证券营业部,2021-10-15 00:00:00,645,1
三行资本-财务合规部实习生,2021-10-15 00:00:00,101,1
三行资本-投资实习生,2021-10-15 00:00:00,131,1
清华大学材料课题组招聘热电/热障/结构陶瓷博士后,2021-10-17 00:00:00,642,1
中国网安（含中国电科三十所）2022届校园招聘,2021-10-11 00:00:00,719,1
北京知本创业管理咨询有限公司,2021-10-11 00:00:00,664,3
哈尔滨工业大学人工智能研究院有限公司,2021-10-11 00:00:00,670,1
中资网络信息安全科技有限公司2022校招正式启动！,2021-10-11 00:00:00,704,4
英国豪迈国际有限公司上海代表处,2021-10-11 00:00:00,667,1
中交信息技术国家工程实验室有限公司,2021-10-12 00:00:00,813,3
中国科学院武汉岩土力学研究所,2021-10-11 00:00:00,659,1
北京机械工业自动化研究所有限公司,2021-10-12 00:00:00,690,1
广东省新一代通信与网络创新研究院2022届毕业生招聘,2021-10-12 00:00:00,675,11
辽宁交投艾特斯智能交通技术有限公司,2021-10-12 00:00:00,688,7
北京大学长三角光电科学研究院招聘启事,2021-10-12 00:00:00,703,1
北京流马锐驰科技有限公司,2021-10-12 00:00:00,723,1
北京五一视界数字孪生科技股份有限公司,2021-10-12 00:00:00,744,6
北京市地铁运营有限公司,2021-10-13 00:00:00,674,1
中国科学院软件研究所中国科学院软件研究所2022年度校园招聘简章,2021-10-13 00:00:00,808,1
光大科技有限公司,2021-10-09 00:00:00,740,1
中国科学院长春应用化学研究所2021年度招聘启事,2021-10-10 00:00:00,677,1
苏州系统医学研究所高层次人才招聘公告,2021-10-10 00:00:00,645,1
东北农业大学2021年下半年人才公开招聘公告,2021-10-10 00:00:00,697,1
上海人工智能创新中心,2021-10-09 00:00:00,655,5
广东科学技术职业学院2021年高层次人才招聘公告,2021-10-09 00:00:00,685,1
广东医科大学2021年人才招聘公告,2021-10-10 00:00:00,664,1
苏州大学未来校区人才招聘公告,2021-10-10 00:00:00,675,1
厦门工学院2021年教师招聘启事,2021-10-10 00:00:00,671,1
台州学院高等研究院—智能信息处理研究所招聘启事,2021-10-10 00:00:00,643,1
重庆邮电大学2021-2022年招聘,2021-10-10 00:00:00,750,1
启明信息技术股份有限公司,2021-10-10 00:00:00,696,5
中科南京智能技术研究院招聘简章,2021-10-11 00:00:00,677,1
中国科学院微电子研究所低功耗智能芯片与系统团队招聘,2021-10-10 00:00:00,677,1
北京晟芯网络科技有限公司,2021-10-11 00:00:00,677,4
福建新大陆支付科技有限公司,2021-09-29 00:00:00,679,4
上海汉得信息技术股份有限公司,2021-09-30 00:00:00,532,3
热招：IT互联网高端猎头顾问/管培生（欢迎转行，欢迎应届生，北京朝阳门包住）,2021-09-30 00:00:00,543,2
西安纸贵互联网科技有限公司,2021-09-30 00:00:00,708,1
中国科学院国家空间科学中心2022年特别研究助理招聘启事,2021-10-01 00:00:00,656,1
中国科学院国家空间科学中心,2021-10-01 00:00:00,662,1
中国人民解放军第五七二〇工厂2022年校园招聘,2021-10-03 00:00:00,698,1
蓝诺微银（北京）信息技术有限公司,2021-10-08 00:00:00,635,1
CNH集团--晨皓知识产权 2022届校园招聘简章,2021-10-08 00:00:00,612,1
南京理工大学教师招聘,2021-10-08 00:00:00,831,1
数码视讯科技集团2022届校园招聘,2021-10-08 00:00:00,660,1
新瑞鹏宠物医疗集团有限公司,2021-10-09 00:00:00,665,1
上海人工智能创新中心,2021-10-09 00:00:00,701,1
普冷国际物流（上海）有限公司,2021-10-08 00:00:00,133,1
中国科学院上海巴斯德研究所2021年度招聘启事,2021-10-09 00:00:00,670,1
国家工信安全中心（工信部电子一所）2022校园招聘,2021-09-27 00:00:00,869,1
启元世界（北京）信息技术服务有限公司,2021-09-27 00:00:00,785,4
一汽解放汽车有限公司2022年秋季校园招聘,2021-09-27 00:00:00,639,1
福建省招标采购集团有限公司2022届校园招聘,2021-09-27 00:00:00,620,1
广西科技大学2021-2022年面向海内外诚聘优秀人才,2021-09-27 00:00:00,628,1
东北电力大学2021年秋季招聘公告,2021-09-27 00:00:00,695,1
北京亚控科技发展有限公司,2021-09-28 00:00:00,706,4
一汽解放汽车有限公司2022年秋季校园招聘,2021-09-28 00:00:00,678,1
北京中科闻歌科技股份有限公司2022届校招,2021-09-29 00:00:00,757,8
紫光国芯微电子股份有限公司,2021-09-28 00:00:00,143,1
北京飞斯科科技有限公司,2021-09-28 00:00:00,725,1
东方韩亚（北京）国际文化交流有限公司,2021-09-29 00:00:00,148,1
紫光国芯微电子股份有限公司,2021-09-28 00:00:00,204,1
南京摄星智能科技有限公司,2021-09-29 00:00:00,758,8
上海海隆软件2022届校园招聘,2021-09-29 00:00:00,696,1
数码视讯科技集团2022届校园招聘,2021-09-22 00:00:00,658,1
北京理工雷科电子信息技术有限公司,2021-09-22 00:00:00,711,8
中电科风华信息装备股份有限公司,2021-09-23 00:00:00,627,1
2022中公教育校园招聘-管培生,2021-09-23 00:00:00,624,1
中安威士（北京）科技有限公司,2021-09-23 00:00:00,665,1
张江实验室光子芯片研发部博士后招聘公告,2021-09-23 00:00:00,637,1
北大医疗信息技术有限公司,2021-09-24 00:00:00,664,9
锐方（上海）私募基金管理有限公司,2021-09-24 00:00:00,617,2
湖南泛联新安信息科技有限公司,2021-09-26 00:00:00,636,3
22届毕业生，医疗仪器行业offer待查！,2021-09-24 00:00:00,645,2
北京星际防务科技有限公司,2021-09-25 00:00:00,634,1
意昂—郑州中原国际汽车研究院2022校园招聘,2021-09-25 00:00:00,619,6
中国船舶第八研究院（扬州院区·原七二三所）诚聘人才公告,2021-09-26 00:00:00,615,1
北京威努特技术有限公司,2021-09-26 00:00:00,137,8
中信网络有限公司,2021-09-17 00:00:00,723,3
Longer Pump-软件工程师,2021-09-17 00:00:00,662,1
汉王科技股份有限公司,2021-09-17 00:00:00,683,3
索菲亚集团2022届校园招聘,2021-09-16 00:00:00,653,10
中交基础设施养护集团有限公司,2021-09-16 00:00:00,658,1
北京国双科技有限公司,2021-09-23 00:00:00,691,1
武汉达梦数据库股份有限公司,2021-09-17 00:00:00,665,6
中国航空综合技术研究所2022校园招聘,2021-09-18 00:00:00,858,4
电子科技大学成都学院教学资源部数据工程师招聘公告,2021-09-18 00:00:00,940,1
南京途善久文化传播有限公司,2021-09-18 00:00:00,655,1
烽台科技（北京）有限公司,2021-09-18 00:00:00,704,4
北京北航天宇长鹰无人机科技有限公司,2021-09-21 00:00:00,979,1
中国网安（含中国电科三十所）2022届校园招聘,2021-09-22 00:00:00,699,1
内蒙古大学常年引进高层次人才公告（中英文版）,2021-09-22 00:00:00,657,1
中建二局一公司2022校园精英招聘,2021-09-14 00:00:00,693,1
北大医信2022届校园招聘,2021-09-14 00:00:00,684,14
无量科技股份有限公司,2021-09-14 00:00:00,690,1
厦门二维进化网络技术有限公司,2021-09-15 00:00:00,523,11
交通运输部天津水运工程科学研究所,2021-09-15 00:00:00,654,1
深圳市松鼠教育科技有限公司,2021-09-22 00:00:00,638,1
无锡中感微电子有限公司,2021-09-15 00:00:00,668,3
乐玩新大地（北京）科技有限公司,2021-09-16 00:00:00,665,6
杭州趣链科技有限公司,2021-09-15 00:00:00,663,3
广东宽普科技有限公司,2021-09-22 00:00:00,656,4
北京和利时系统工程有限公司,2021-09-15 00:00:00,674,4
福建工程学院2022年师资招聘,2021-09-15 00:00:00,661,1
华芯巨数（杭州）微电子有限公司,2021-09-16 00:00:00,650,4
远东控股集团有限公司,2021-09-16 00:00:00,641,4
香港科技大学22fall数据建模硕士学位项目宣讲会,2021-09-15 00:00:00,677,1
唐山市环境规划科学研究院（唐山市生态环境宣传教育中心）2022届校园招聘,2021-09-16 00:00:00,660,1
桂林力源粮油食品集团有限公司,2021-09-16 00:00:00,641,1
创新奇智2022年校园招聘,2021-09-13 00:00:00,695,7
正青春 创未来|广州联通2022届校园招聘,2021-09-13 00:00:00,678,9
大唐高鸿2022年校园招聘信息,2021-09-10 00:00:00,731,10
宇通集团2022届校园招聘简章,2021-09-10 00:00:00,671,1
北京爱学习博乐教育科技有限公司,2021-09-13 00:00:00,679,2
富士康工业互联网股份有限公司2022校园招聘简章,2021-09-13 00:00:00,635,3
中国科学院武汉岩土力学研究所科研岗位和特别研究助理（含博士后）招聘简章【长期有效】,2021-09-13 00:00:00,681,1
数码视讯科技集团2022届校园招聘,2021-09-13 00:00:00,709,1
扬州宇安电子科技有限公司,2021-09-13 00:00:00,650,9
中建三局2022“争先之星”校园招聘简章,2021-09-13 00:00:00,671,1
苏州雄立科技有限公司,2021-09-14 00:00:00,643,6
中国国际贸易促进委员会专利商标事务所,2021-09-14 00:00:00,632,3
北京数势云创科技有限公司,2021-09-13 00:00:00,685,3
贵阳市创业投资有限公司,2021-09-14 00:00:00,667,3
北京微纳星空科技有限公司,2021-09-14 00:00:00,679,5
广州乐牛软件科技有限公司,2021-09-08 00:00:00,724,1
中铁物贸集团有限公司,2021-09-08 00:00:00,711,1
智慧互通（AIPARK）2022校园招聘,2021-09-08 00:00:00,778,1
深圳市环波科技有限责任公司,2021-09-09 00:00:00,664,6
中科曙光2022届校园招聘简章,2021-09-08 00:00:00,784,1
北京阿凡提互娱科技有限公司,2021-09-08 00:00:00,690,3
航天恒星科技有限公司,2021-09-09 00:00:00,769,13
北京北方华创微电子装备有限公司,2021-09-09 00:00:00,667,1
北京中科科仪股份有限公司2022届校园招聘,2021-09-09 00:00:00,661,1
北京北方华创微电子装备有限公司,2021-09-09 00:00:00,666,1
恰青春，正当燃—当当网2022校园招聘公告,2021-09-10 00:00:00,678,1
芯讯通无线科技（上海）有限公司,2021-09-10 00:00:00,691,3
荣盛盟固利新能源科技股份有限公司,2021-09-10 00:00:00,708,14
广东赛微微电子股份有限公司,2021-09-10 00:00:00,665,5
“乘风而上，未来有你” ——天风证券2022届校园招聘简章,2021-09-10 00:00:00,638,1
“才聚淄博”小程序-淄博市人社局推出,2021-09-07 00:00:00,687,1
牛津（海南）区块链研究院有限公司,2021-09-07 00:00:00,692,6
西北工业大学无人机所2022校园招聘,2021-09-07 00:00:00,678,1
中国船舶工业综合技术经济研究院2022年校园招聘,2021-09-07 00:00:00,725,1
深圳市纽创信安科技开发有限公司,2021-09-07 00:00:00,650,13
北京数码视讯科技股份有限公司,2021-09-07 00:00:00,660,1
晨山（北京）企业管理咨询有限公司,2021-09-07 00:00:00,295,1
晨山（北京）企业管理咨询有限公司,2021-09-07 00:00:00,659,1
北京智一科技校园招聘——全职岗位,2021-09-08 00:00:00,666,9
北京智一科技校园招聘--实习岗位,2021-09-08 00:00:00,373,6
南京国兆光电科技有限公司,2021-09-08 00:00:00,658,11
浙江诺诺网络科技有限公司,2021-09-08 00:00:00,653,4
深圳市兴海物联科技有限公司,2021-09-08 00:00:00,646,5
中国电子科技网络信息安全有限公司,2021-09-07 00:00:00,688,1
北京智源人工智能研究院,2021-09-08 00:00:00,703,1
苏州新东方培训学校有限公司,2021-09-06 00:00:00,670,5
启明信息技术股份有限公司2022年校园招聘简章,2021-09-03 00:00:00,693,5
锐捷网络2022届校园招聘简章,2021-09-03 00:00:00,713,26
深圳哈稀网络技术有限公司,2021-09-06 00:00:00,684,5
一汽解放青岛汽车有限公司,2021-09-03 00:00:00,626,1
中国科学院沈阳自动化研究所2021-2022年校园招聘,2021-09-04 00:00:00,764,2
广东省电信规划设计院有限公司北京分院2022校园招聘,2021-09-05 00:00:00,691,5
中国城市建设研究院有限公司,2021-09-06 00:00:00,284,1
上海唯捷创芯电子技术有限公司,2021-09-06 00:00:00,670,2
内蒙古蒙牛乳业（集团）股份有限公司,2021-09-06 00:00:00,678,1
广东智能无人系统研究院2022年校园招聘公告,2021-09-06 00:00:00,701,1
东方剑桥集团,2021-09-06 00:00:00,675,1
帆软软件有限公司,2021-09-06 00:00:00,655,5
广州市中大管理咨询有限公司,2021-09-06 00:00:00,657,6
一汽奔腾2022全球校园招聘,2021-09-06 00:00:00,707,1
埃里斯克矿山工程机械(北京）有限公司,2021-09-02 00:00:00,651,1
中国船舶第八研究院（南京）2022届校园招聘,2021-09-02 00:00:00,774,1
山东五征集团有限公司,2021-09-02 00:00:00,679,12
北京品驰医疗设备有限公司,2021-09-02 00:00:00,695,1
迪士尼(Disney)全资在线视频公司 Disney+ Hotstar 2022年校园招聘,2021-09-02 00:00:00,692,1
珠海剑心互动娱乐有限公司,2021-09-02 00:00:00,673,1
中建三局信息技术研究院2022校园招聘,2021-09-02 00:00:00,718,4
浙江臻镭科技股份有限公司,2021-09-03 00:00:00,712,12
超越科技股份有限公司,2021-09-03 00:00:00,722,9
中晟基金管理有限公司（筹、公募）实习招聘,2021-09-02 00:00:00,105,3
珠海亿智电子科技有限公司,2021-09-03 00:00:00,673,11
【鼎阳科技】和光同行，为你而来！2022届校园招聘正在进行中,2021-09-03 00:00:00,696,1
中国科学院沈阳自动化研究所2021-2022年校园招聘,2021-09-03 00:00:00,740,2
邯郸制药股份有限公司,2021-09-03 00:00:00,696,2
北京亚控科技发展有限公司2022届校园招聘简章,2021-09-03 00:00:00,718,4
特斯拉（上海）有限公司,2021-09-01 00:00:00,693,10
北京威努特技术有限公司,2021-09-01 00:00:00,863,8
森思泰克河北科技有限公司,2021-09-01 00:00:00,584,19
年少有为 智创未来——东信创智2022年校园招聘,2021-09-01 00:00:00,644,12
中建-大成建筑有限责任公司,2021-09-01 00:00:00,738,4
北京博乐科技有限公司,2021-09-01 00:00:00,690,3
福建永荣控股集团有限公司,2021-09-01 00:00:00,707,1
中建智能技术有限公司2022年校园招聘简章,2021-09-01 00:00:00,719,6
青岛上合航天科技有限公司2022校招,2021-09-01 00:00:00,726,1
北京智连渔达网络技术有限责任公司,2021-09-01 00:00:00,706,1
北京智连渔达网络技术有限责任公司,2021-09-01 00:00:00,116,1
中国核工业集团有限公司,2021-09-01 00:00:00,793,1
昆明心霖公社教育中心2022届校园招聘简章,2021-09-02 00:00:00,678,2
世坤咨询（北京）有限公司,2021-09-01 00:00:00,117,1
曼迪匹艾（北京）科技服务有限公司,2021-09-02 00:00:00,763,1
中钢招标有限责任公司,2021-09-01 00:00:00,623,1
中国电子科技集团公司第九研究所2021-2022年校园招聘,2021-09-01 00:00:00,736,2
