job_title,job_date,job_views
粤港澳大湾区重要节点城市——惠州学院2021年招聘专任教师（博士、硕士）,2022-01-06,126
中共安徽省委党校（安徽行政学院） 2021年度公开招聘博士公告,2022-01-06,79
福州大学最新博士后招聘公告,2022-01-05,83
专升本咨询教师实习岗位招聘,2022-01-05,78
国家国防科技工业局军工项目审核中心公开招聘 应届毕业生的公告,2022-01-05,101
福建师范大学2022年博士后招聘简章,2022-01-05,63
安阳学院2022年度招聘公告,2022-01-05,72
中山大学微电子科学与技术学院虞志益教授团队（下一代处理器研究团队）招聘科研助理公告,2022-01-05,67
重庆唯申科技有限公司招聘LabVIEW工程师,2022-01-05,72
广西师范大学2021年高层次人才招聘公告,2022-01-05,66
山西医科大学刘鹏教授课题组招聘研究员、博士后、科研助理等研究人员,2022-01-05,61
招聘博士/副研究员年薪45万+，博士后30万+/深圳职业技术学院,2022-01-04,361
西南医科大学2022年诚聘海内外英才,2022-01-04,254
台州学院高等研究院大数据智能医疗研究所招聘启事,2022-01-04,232
深圳大学食品科学与加工研究中心吴奇院士团队招聘博士后公告,2022-01-04,227
2022年南通市通州区公开选调优秀青年人才简章,2022-01-04,349
重磅来袭，百万揽才｜巢湖学院2021-2022年人才引进公告,2022-01-04,266
南方科技大学电子系Aung Ko Ko Kyaw课题组招收材料研发实习生启事,2022-01-04,241
烟台先进材料与绿色制造山东省实验室2021年公开招聘工作人员简章,2022-01-04,224
湘潭大学2021年诚聘海内外人才,2022-01-04,224
烟台东方威思顿电气有限公司2022届校园招聘简章,2022-01-04,212
四川轻化工大学2022年人才引进政策,2022-01-03,317
2022年潍坊市“才聚鸢都·博士潍坊行”暨潍坊学院第五届博士“鸢都行”活动的通知,2022-01-02,492
常州工学院2021-2022年人才招聘,2022-01-02,460
成都航空职业技术学院2022年人才（硕士、博士）招聘公告,2021-12-31,734
渤海大学长年诚聘博士及在读博士,2021-12-31,504
中共河北省委党校（河北行政学院）2021年诚聘英才,2021-12-31,353
中国地震局地球物理研究所高层次人才引进公告,2021-12-31,372
深部岩土力学国家重点实验室诚聘博士,2021-12-30,409
浪潮集团2022届校园招聘秋招补招,2021-12-30,464
广东机电职业技术学院、广东省博士工作站2022年博士研究生招聘公告,2021-12-30,325
南通大学电气工程学院诚聘海内外英才,2021-12-30,333
中国科学院长春应用化学研究所2022年度招聘启事,2021-12-30,306
河北农业大学2022年选聘博士公告,2021-12-30,291
中国科学院微生物所病毒感染与免疫相关博士后岗招聘,2021-12-30,285
中国水产科学研究院黄海水产研究所2022年公开招聘工作人员公告,2021-12-30,276
浙江大学机械设计研究所2021年招聘副研究员、博士后,2021-12-30,283
2022年春季全国研究生专场巡回招聘会暨国防军工类 专场招聘会——电子科技大学站,2021-12-30,191
2021年吉利学院冬季校园招聘,2021-12-30,147
格力电器2022届春季校园招聘提前批,2021-12-30,126
启明信息技术股份有限公司2022年校园招聘简章,2021-12-30,116
广东省智能科学与技术研究院2021年招聘公告,2021-12-30,93
航天行云（航天科工四院卫星总体单位）2022年度校园招聘,2021-12-29,362
西安电子科技大学期刊中心2022年其他专技岗位招聘公告,2021-12-29,178
重庆邮电大学2022年招聘启事,2021-12-29,150
中国热带农业科学院南亚热带作物研究所 湛江实验站2022年第一批公开招聘工作人员公告（第1号）,2021-12-29,80
深圳市坪山区科技创新局生物医药类专业特聘博士招聘公告,2021-12-29,78
清华大学材料课题组招聘热电/热障/结构陶瓷博士后,2021-12-29,79
中国热带农业科学院公开招聘公告,2021-12-29,65
山西医科大学刘鹏教授课题组招聘研究员、博士后、科研助理等研究人员,2021-12-29,69
山东省科技发展战略研究所2022年人才招聘,2021-12-29,73
西安电子科技大学空间科学与技术学院2021年教师岗位招聘启事,2021-12-29,92
海南医学院2021-2022学年博士及硕士高级职称人才公开招聘公告,2021-12-28,161
中国天辰工程有限公司2022年校园招聘,2021-12-28,170
武汉东湖学院高层次（高学历）人才招聘公告,2021-12-28,91
厦门工学院2022年海内外高层次人才招聘启事 ,2021-12-28,92
山东省科学院海洋仪器仪表研究所齐鲁工业大学（山东省科学院）海洋技术科学学院招聘信息,2021-12-28,77
苏州系统医学研究所2022年招聘,2021-12-28,101
江苏科技大学2022年诚聘海内外优秀人才,2021-12-28,108
中科南京智能技术研究院招聘简章,2021-12-28,92
中国铝业集团有限公司  2022年应届高校毕业生招聘公告,2021-12-28,90
长三角腹地-常州工学院2021年人才招聘启事,2021-12-27,115
浙江师范大学2021年专任教师招聘公告,2021-12-27,104
深圳大学广东省海洋藻类开发与应用工程重点实验室博士后招聘,2021-12-27,72
西南医科大学2022年诚聘海内外英才,2021-12-27,93
南方医科大学南方医院—杰青团队博士后招聘,2021-12-27,60
烟台东方威思顿电气有限公司2022届校园招聘简章,2021-12-27,81
中国科学院国家空间科学中心2022年应届生招聘启事,2021-12-27,114
中国科学院国家空间科学中心2022年特别研究助理招聘启事,2021-12-27,87
OPPO日常实习生招聘-应用测试实习生(成都）,2021-12-27,90
吉林外国语大学2022年面向海内外招聘人才公告,2021-12-26,89
中国水产科学研究院珠江水产研究所2022年公开招聘公告,2021-12-25,269
山东大学生态环境损害鉴定研究院2022年诚聘海内外优秀人才,2021-12-25,168
2022年杭州市钱塘区党政储备 人才招聘公告,2021-12-24,300
中国石油大学（北京）克拉玛依校区 2022年度招聘简章,2021-12-24,215
中关村发展集团2022年校园招聘及博士后招聘公告,2021-12-24,186
北京工业大学先进电池材料与器件研究所（尉海军教授课题组）2021-2022年人才招聘,2021-12-24,172
广东机电职业技术学院、广东省博士工作站2022年博士研究生招聘公告,2021-12-24,150
中国科学院长春应用化学研究所2022年度招聘启事,2021-12-24,134
南通大学电气工程学院诚聘海内外英才,2021-12-24,137
闽江学院2021下半年度高层次人才招聘公告,2021-12-24,126
河北农业大学2022年选聘博士公告,2021-12-24,125
深圳综合粒子设施研究院校园招聘公告,2021-12-24,140
仰恩大学2021年招聘启事,2021-12-24,150
南科大电子与电气工程系丛龙庆课题组高薪诚聘博士后,2021-12-24,127
中国电子科技集团公司第九研究所2021-2022年校园招聘,2021-12-23,492
中科院兰州化物所2022年人才招聘启事,2021-12-23,185
中山大学土木工程学院2021年诚聘海内外英才,2021-12-23,112
天津大学“生物信息测量与生物制造实验室”诚聘英才,2021-12-23,95
中共安徽省委党校（安徽行政学院） 2021年度公开招聘博士公告,2021-12-23,110
中国电子科技集团公司第十一研究所招聘,2021-12-23,175
南科大电子与电气工程系张宏课题组高薪诚聘博士后,2021-12-23,86
淮阴工学院2021年人才招聘政策及计划,2021-12-22,118
不负韶华 共筑梦想-枣庄学院2021年人才招聘启事,2021-12-22,107
中国船舶第八研究院（扬州院区·原七二三所）诚聘人才公告,2021-12-22,174
中铁信托博士后创新实践基地2022年招收博士后研究人员招收简章,2021-12-22,98
北京航空航天大学虚拟现实技术与系统国家重点实验室2021年专职工程师招聘公告,2021-12-22,126
嘉应学院2022年人才招聘启事,2021-12-22,81
重庆工程学院2022年高层次人才招聘简章,2021-12-22,108
重庆邮电大学2022年招聘启事,2021-12-22,116
中国热带农业科学院南亚热带作物研究所 湛江实验站 2022年第一批公开招聘工作人员公告（第1号）,2021-12-22,59
2021下半年浙江农林大学招聘公告,2021-12-22,62
材料科学姑苏实验室博士后招聘公告,2021-12-22,59
浙江大学王绪化团队招聘博士后和科研助理,2021-12-22,54
福建工程学院2022年师资招聘计划,2021-12-22,68
2022安科瑞电气招聘简章,2021-12-22,90
华夏银行成都分行2022年校园招聘启事,2021-12-22,216
南方科技大学自动化学科青年学者论坛·2022,2021-12-22,60
大华股份2022届校招补招末班车,2021-12-21,215
湖南省融资担保集团2022校园招聘简章,2021-12-21,86
福州大学博士后科研流动站2022年人才招聘计划,2021-12-21,78
行业第一，宇通集团2022年应届毕业生管培生招聘简章,2021-12-21,104
武汉东湖学院高层次（高学历）人才招聘公告,2021-12-21,82
山东省科学院海洋仪器仪表研究所齐鲁工业大学（山东省科学院）海洋技术科学学院招聘,2021-12-21,69
南方科技大学第一附属医院医药健康科研团队博士后、研究助理及科研秘书招聘,2021-12-21,66
国家超级计算深圳中心2021年招聘简章,2021-12-21,90
中山大学软件工程学院2022年高层次人才招聘启事,2021-12-21,58
上海交通大学微纳工程科学重点实验室2021-2022年招聘简章,2021-12-21,55
澳门城市大学全職學術人員招聘,2021-12-21,64
安徽师范大学2021年度人才招聘公告,2021-12-21,56
浙江越秀外国语学院2021年高层次人才引进公告,2021-12-21,51
南方科技大学电子与电气工程系张宏课题组招收科研助理启事,2021-12-21,56
潍坊科技学院人才招聘,2021-12-21,60
南宁职业技术学院2021年第二批公开招聘工作人员公告,2021-12-20,91
"深圳大学食品科学与加工研究中吴奇院士团队招聘博士后公告（分子生物学, 高分子，化学工程和食品专业）",2021-12-20,56
台州学院高等研究院大数据智能医疗研究所招聘启事,2021-12-20,72
广州华夏职业学院2022年招聘公告,2021-12-20,77
西南医科大学2022年诚聘海内外英才,2021-12-20,79
深圳综合粒子设施研究院校园招聘公告,2021-12-20,82
桂林医学院2022年诚聘英才,2021-12-20,55
衢州职业技术学院高层次人才引进公告,2021-12-20,61
 浙江工业大学之江学院2021年高层次人才招聘公告,2021-12-20,69
南方科技大学电子与电气工程系实验教学类招聘启事,2021-12-20,62
烟台东方威思顿电气有限公司2022届校园招聘简章,2021-12-20,61
立德树人育桃李 砥砺前行谱新篇-潍坊医学院2021-2022年诚聘海内外优秀博士,2021-12-19,72
桂林理工大学2021年诚聘海内外人才,2021-12-19,99
广西师范大学2021年人才招聘公告,2021-12-19,84
中国科学院新疆理化技术研究所2021年人才招聘启事,2021-12-19,80
攀枝花学院2021年第五批直接考核招聘高层次人才公告,2021-12-18,90
行业第一，宇通集团2022年应届毕业生管培生招聘简章,2021-12-17,175
河北农业大学2022年选聘博士公告,2021-12-17,77
闽江学院2022下半年度硕士研究生岗位（编制内）招聘公告,2021-12-17,81
南通大学电气工程学院诚聘海内外英才,2021-12-17,66
中国科学院长春应用化学研究所2022年度招聘启事,2021-12-17,70
暨南大学附属第一医院最高年薪66万+招聘博士后,2021-12-17,60
广东机电职业技术学院、广东省博士工作站2022年博士研究生招聘公告,2021-12-17,57
国科宁波生命与健康产业研究院2021年面向海内外诚聘高层次人才,2021-12-17,48
中国科学院成都文献情报中心2022年特别研究助理招聘启事,2021-12-17,100
内蒙古科技大学机械工程学院博（硕）士及高层次人才招聘,2021-12-17,54
国资委直管央企华录集团总部2022年校园招聘,2021-12-17,135
南方科技大学林志赟教授课题组招聘科研助理,2021-12-17,54
北京国望“科研、管理工程师”招募,2021-12-17,61
中国科学院成都文献情报中心2022年优秀人才招聘启事,2021-12-17,78
中共深圳市光明区委党校2022年1月公开选聘教师公告,2021-12-16,108
深圳大学-华中科技大学光子集成与光通信方向联合招聘博士后,2021-12-16,79
重庆邮电大学高层次人才招聘,2021-12-16,131
东南大学脑科学与智能技术研究院招聘启事,2021-12-16,82
绵阳仲裁委员会秘书处2022年度招聘公告,2021-12-16,102
山西工商学院2022年人才引进公告,2021-12-16,60
中国网安（含中国电科三十所）2022届秋招补录,2021-12-16,159
广东电网有限责任公司2022年博士后人员招聘启事,2021-12-16,134
中国石化大连石油化工研究院全球招聘人才公告,2021-12-15,92
中科南京智能技术研究院招聘简章,2021-12-15,145
济宁医学院附属医院2022年度公开招聘博士研究生公告,2021-12-15,63
中国久远高新技术装备有限公司2022招聘简章,2021-12-15,138
上海人工智能实验室招聘公告,2021-12-15,119
超星集团秋季校园招聘,2021-12-14,181
青岛大学青岛医学院2021年人才招聘公告,2021-12-14,72
2022威高（苏州）医疗器械研究院有限公司秋季招聘,2021-12-14,77
美国路易斯安那州立大学医学院招聘博士后,2021-12-14,71
中国石化上海石油化工研究院2021-2022年度人才招聘,2021-12-14,97
中国电子科技集团公司第十二研究所招聘,2021-12-14,267
中国工程物理研究院  研究生院诚聘英才,2021-12-14,159
剑阁县2021年公开引进高层次人才和招聘急需紧缺专业人才（剑阁县市场监督管理局）,2021-12-14,122
南方科技大学计算机科学与工程系2022年实验教学人员招聘启事,2021-12-14,72
鹏城实验室媒体与交互部2021年招聘人才引进专题,2021-12-14,68
西安建筑科技大学2021年教师招聘公告 ,2021-12-14,64
南方科技大学嘉兴研究院“智能电子装备创新中心”公开招聘研究人员,2021-12-14,59
青岛大学转化医学研究院高薪诚聘海内外优秀青年人才,2021-12-13,57
ASM先进科技2022校园招聘补录,2021-12-13,241
加入“浙”里 携手共进-绍兴文理学院2021-2022年诚聘海内外英才,2021-12-13,75
台州学院高等研究院——智能信息处理研究所招聘启事,2021-12-13,82
深圳大学广东省海洋藻类开发与应用工程重点实验室博士后招聘,2021-12-13,55
重庆大学二级单位招聘项目管理人员,2021-12-13,103
2022年杭州市钱塘区党政储备 人才招聘公告,2021-12-13,75
广西电力职业技术学院2021年博士人才专项招聘公告,2021-12-13,85
烟台东方威思顿电气有限公司2022届校园招聘简章,2021-12-13,63
揽英才 金陵科技学院招才引智 诚邀您的加盟,2021-12-12,113
民航机场成都电子工程设计有限责任公司2022年校园招聘,2021-12-12,227
黄河科技学院招聘公告2021年黄河科技学院博士招聘公告,2021-12-11,107
成都纺织高等专科学校2022年人才招聘公告,2021-12-10,289
 岭南现代农业科学与技术广东省实验室植物生殖发育和大豆种质资源创新团队招聘公告,2021-12-10,63
暨南大学附属第一医院最高年薪66万+招聘博士后,2021-12-10,71
中国科学院长春应用化学研究所2022年度招聘启事,2021-12-10,74
香港中文大学（深圳）诚聘海内外优秀人才,2021-12-10,76
沈阳城投集团2022年“麒麟担当”校园招聘,2021-12-10,59
南通大学电气工程学院诚聘海内外英才,2021-12-10,60
闽江学院2022下半年度硕士研究生岗位（编制内）招聘公告,2021-12-10,65
河北农业大学2021年选聘博士公告,2021-12-10,42
2022年石河子大学生命科学学院公开招聘教师简章,2021-12-10,52
南方科技大学电子系青年学者论坛·2022,2021-12-10,66
中科院微电子所低功耗智能芯片与系统团队多岗位招聘,2021-12-10,103
苏州臻芯微电子有限公司2022届校招职位信息,2021-12-10,84
贵州医科大学2021年面向全球招聘博士后公告,2021-12-09,72
中国热带农业科学院南亚热带作物研究所湛江站实验站2021年第六批博士研究生人员公开招聘公告,2021-12-09,62
重庆邮电大学2021-2022年招聘启事,2021-12-09,143
重庆工程学院2021年高层次人才招聘简章,2021-12-09,91
嘉应学院2021-2022年人才招聘启事,2021-12-09,66
厦门大学嘉庚学院2021-2022学年人才招聘启事,2021-12-09,61
深圳十沣科技2022届校园招聘,2021-12-09,70
材料科学姑苏实验室博士后招聘公告,2021-12-09,49
浙江大学王绪化团队招聘博士后和科研助理,2021-12-09,47
2022年战略支援部队驻南部某部队直接选拔 军官计划公告,2021-12-09,228
广东以色列理工学院招聘简章,2021-12-09,85
烟台先进材料与绿色制造山东省实验室2021年公开招聘工作人员简章,2021-12-09,77
国防大学军事文化学院2022年文职人员招聘预告,2021-12-09,105
多益网络2022届校园招聘补录,2021-12-08,117
浙大宁波理工学院计算机与数据工程学院2021年招聘公告,2021-12-08,82
广元市利州区关于2021年公开引进高层次和急需紧缺人才的公告,2021-12-08,162
【甘肃国企】金川集团面向电子科技大学秋季招聘信息,2021-12-08,95
苏州雄立科技有限公司2022届校园招聘,2021-12-08,76
中国科学院长春光学精密机械与物理研究所 博士毕业生专场招聘（暨空中宣讲）公告,2021-12-07,79
海军航空大学2022年面向社会公开招考文职人员,2021-12-07,140
海军航空大学2022年面向社会招考文职,2021-12-07,77
 云南民族大学马克思主义学院2021年人才招聘公告,2021-12-07,67
中国科学院成都生物研究所2021年秋冬季博士人才线上视频双选会,2021-12-07,90
空军工程大学航空工程学院2022年全军面向社会公开招考文职人员岗位计划,2021-12-07,81
文职招聘,2021-12-07,113
江苏省东海县2022年部分事业单位赴高校公开招聘高层次人才公告,2021-12-07,61
大湾区之光，由你点亮！ ——深圳综合粒子设施研究院校园招聘公告,2021-12-07,108
闽江学院2021下半年度硕士研究生岗位 （编制内）招聘公告,2021-12-07,100
东北农业大学2021年下半年人才公开招聘公告,2021-12-07,66
闽南师范大学2021年诚纳英才,2021-12-07,65
南京工业大学第四届“探•智”国际青年学者论坛-电控学院分论坛诚邀海内外英才参加,2021-12-07,61
南方科技大学第一附属医院医药健康科研团队博士后、研究助理及科研秘书招聘,2021-12-07,43
安庆师范大学2021年公开招聘高层次人才公告,2021-12-07,60
烟台东方威思顿电气有限公司2022届校园招聘简章,2021-12-07,47
深圳大学食品科学与加工研究中心深圳大学吴奇院士团队招聘副研究员/研究员,2021-12-06,62
台州学院高等研究院大数据智能医疗研究所招聘启事,2021-12-06,59
山东省科学院海洋仪器仪表研究所齐鲁工业大学（山东省科学院）海洋技术科学学院招聘,2021-12-06,67
广州华夏职业学院2021年高层次人才招聘公告,2021-12-06,62
西南医科大学2021年诚聘海内外英才,2021-12-06,71
上海交通大学重庆研究院软件博士后招聘,2021-12-06,56
中国科学院微电子研究所低功耗智能芯片与系统团队招聘,2021-12-06,87
上海交通大学重庆研究院建筑遗产保护中心博士后招聘,2021-12-06,43
福建省某政法单位招考公告,2021-12-06,129
2021“智荟齐鲁”全球博士线上对接洽谈会诚邀海内外英才,2021-12-06,51
陆军装备部驻重庆地区军事代表局文职人员招聘,2021-12-06,243
战略支援部队某部招收军官和文职,2021-12-05,349
赓续百年初心，担当育人使命-青岛理工大学2021年公开招聘工作人员简章（长期招聘）,2021-12-05,93
科技引领 布局未来-清源创新实验室2021-2022年诚聘海内外人才,2021-12-05,101
百星微电子人才招聘公告,2021-12-05,75
“权威发布”国防科技大学2022年公开招考文职人员计划,2021-12-04,143
苏州经贸职业技术学院2021年诚聘人才,2021-12-04,92
成都市新都区悦动新城学校招聘,2021-12-03,213
福医引才 “医”路同行-福建医科大学博士师资招聘公告（常年有效）,2021-12-03,64
在浙里 职面未来-浙江建设职业技术学院2021年人才招聘公告,2021-12-03,78
2022年海军潜艇学院人才引进重磅来袭,2021-12-03,97
闽江学院2021下半年度硕士研究生岗位（编制内）招聘公告,2021-12-03,59
暨南大学附属第一医院最高年薪66万+招聘博士后,2021-12-03,44
（浙江）丽水学院2021年下半年人才招聘启事,2021-12-03,51
中国科学院长春应用化学研究所2021年度招聘启事,2021-12-03,41
香港中文大学（深圳）诚聘海内外优秀人才,2021-12-03,58
南通大学电气工程学院诚聘海内外英才,2021-12-03,53
河北农业大学2021年选聘博士公告,2021-12-03,46
天津工业生物技术研究所张玲玲课题组科研人员招聘启事,2021-12-03,41
重庆理工大学期刊社2021年招聘启事,2021-12-03,59
台积电2022招聘简章,2021-12-03,133
炬光科技2022校园招聘简章,2021-12-03,76
中共四川省委党校四川行政学院2022年公开考核招聘专职教师公告,2021-12-03,79
中科天际科技股份有限公司2022年招聘简章,2021-12-03,85
2022年海军潜艇学院人才引进重磅来袭,2021-12-03,50
烟台先进材料与绿色制造山东省实验室2021年公开招聘工作人员简章,2021-12-03,48
中国矿业大学徐海学院2022年专任教师和专职辅导员岗位招聘启事,2021-12-03,48
黑龙江省自然资源权益调查监测院2021年招聘信息,2021-12-02,99
重庆三峡职业学院2021年下半年公开招聘在编博士、硕士研究生人才招聘简章,2021-12-02,207
嘉应学院2021-2022年人才招聘启事,2021-12-02,89
重庆邮电大学2021-2022年招聘启事,2021-12-02,154
中国热带农业科学院南亚热带作物研究所湛江站实验站2021年第六批博士研究生人员公开招聘公告,2021-12-02,57
全国中小企业股份转让系统有限责任公司 2021年下半年招聘公告,2021-12-02,66
化学、材料、机械、工程、信息类专利代理人助理校园招聘,2021-12-02,83
曼迪匹艾（武汉）科技服务有限公司2021年秋招简章,2021-12-01,112
曼迪匹艾（武汉）科技服务有限公司招聘信息,2021-12-01,77
筑绿水青山 展华清风采-河北华清环境科技集团2021-2022年度博士招聘简章,2021-12-01,78
中国电子科技集团公司第三十四研究所2021-2022校园招聘,2021-12-01,347
赓续百年初心 担当育人使命-大庆师范学院2021年下半年公开招聘教师公告,2021-12-01,62
山西工商学院2022年人才招聘,2021-12-01,73
2021年浙江大学医学院、化学系联合招聘博士后,2021-11-30,67
贵州省中国科学院天然产物化学重点实验室2021年 诚邀海内外高层次人才加盟,2021-11-30,94
材料科学姑苏实验室2022校园招聘,2021-11-30,84
上海电子信息职业技术学院2021年度招聘公告（第一批次）,2021-11-30,149
江苏开放大学诚邀广大优秀博士及各类高层次人才加入,2021-11-30,75
2021年南通市通州区“江海人才行”  高校毕业生秋季网络招聘会邀请函,2021-11-30,72
北京升宇科技有限公司招聘,2021-11-30,85
深圳北芯生命科技股份有限公司2022届校园招聘火热进行中,2021-11-30,89
浙江理工大学科技与艺术学院关于公开招聘党建工作部宣传干事的公告,2021-11-30,46
商丘工学院2021-2022学年教师招聘公告,2021-11-30,62
江西工程学院2022年人才招聘公告,2021-11-30,61
航天十三所2022年校园招聘启事,2021-11-30,372
中国科学院长春应用化学研究所2021年度招聘启事,2021-11-30,68
烟台东方威思顿电气有限公司2022届校园招聘简章,2021-11-30,50
科技兴邦 强军报国-国防科技大学第六十三研究所2021-2022年文职、博士后招收,2021-11-29,210
福建工程学院2022年师资招聘计划,2021-11-29,78
福建工程学院智慧海洋与工程研究院人才招聘启事,2021-11-29,60
厦门工学院2021年海内外高层次人才招聘启事 ,2021-11-29,54
闽江学院2021下半年度高层次人才招聘公告,2021-11-29,55
苏州系统医学研究所2021-2022年招聘,2021-11-29,57
江苏科技大学2021年诚聘海内外优秀人才,2021-11-29,59
深圳大学食品科学与加工研究中心吴奇院士团队招聘博士后公告,2021-11-29,44
西安外事学院2021年人才招聘公告,2021-11-29,69
山东电力设备有限公司2022届高校毕业生招聘简章,2021-11-29,60
中国贸促会专商所2022年度校园招聘,2021-11-29,48
信阳师范学院2021年诚聘海内外优秀人才公告,2021-11-29,52
粤港澳大湾区重要节点城市——惠州学院2021年招聘专任教师（博士、硕士）,2021-11-27,103
云南电网有限责任公司2022年博招聘,2021-11-27,142
南宁师范大学2021年公开招聘博士公告,2021-11-27,88
重庆两江新区-千名硕博汇两江引才活动,2021-11-27,249
光大云缴费科技有限公司2022年秋季 校园招聘启事,2021-11-26,133
中国船舶第七〇七研究所2022届毕业生招聘,2021-11-26,324
2022年海淀进校教育集团招聘,2021-11-26,102
深圳大学广东省海洋藻类开发与应用工程重点实验室博士后招聘,2021-11-26,71
台州学院高等研究院——智能信息处理研究所招聘启事,2021-11-26,83
广州华夏职业学院2021年招聘公告,2021-11-26,58
西南医科大学2021年诚聘海内外英才,2021-11-26,66
南方科技大学第一附属医院医药健康科研团队博士后、研究助理及科研秘书招聘,2021-11-26,47
"大华股份-海外营销中心 2022届秋招末端招聘集结令,最快3天斩获offer",2021-11-26,64
中国专利代理（香港）有限公司北京办事处2022年秋季招聘,2021-11-26,70
中国电子科技集团公司第十一研究所,2021-11-26,300
人工智能算法工程师（集团战略项目）,2021-11-26,108
遵义师范学院2021年公开招聘博士研究生简章,2021-11-26,54
华南理工大学纳米医学和生物材料团队招收博士后,2021-11-26,45
图灵人工智能研究院招聘邀请,2021-11-26,124
桂林理工大学南宁分校2022年专职学生辅导员招聘启事,2021-11-25,97
东华大学民用航空复合材料协同创新中心2021年招聘启事,2021-11-25,69
深睿医疗校招火热进行中,2021-11-25,81
山东理工大学2021年诚聘海内外人才,2021-11-25,84
北京国望—科研岗招聘,2021-11-25,129
华中科技大学马克思主义学院招聘启事,2021-11-25,64
应急管理部沈阳消防研究所2022校园招聘,2021-11-24,107
河北农业大学2021年选聘博士公告,2021-11-24,55
暨南大学附属第一医院最高年薪66万+招聘博士后,2021-11-24,59
（浙江）丽水学院2021年下半年人才招聘启事,2021-11-24,77
中国科学院长春应用化学研究所2021年度招聘启事,2021-11-24,60
香港中文大学（深圳）诚聘海内外优秀人才,2021-11-24,65
南通大学电气工程学院诚聘海内外英才,2021-11-24,46
深圳大学广东省海洋藻类开发与应用工程重点实验室博士后招聘,2021-11-24,58
北京市联德律师事务所校园招聘,2021-11-24,47
日立电梯2022“未来之梯与你同立”校园招聘,2021-11-24,69
清华四川能源互联网研究院2022届校园招聘,2021-11-24,178
湖北科技学院诚聘英才,2021-11-24,85
国防大学军事文化学院2022年文职人员招聘预告,2021-11-24,171
中国铁路设计集团有限公司 国家工程实验室 应届（往届）博士、博士后招聘,2021-11-24,133
联发科新加坡工作岗位,2021-11-24,209
北京七星华创精密电子科技责任有限公司  （原国营第七一八厂） 2021-2022 年度高端人才招聘,2021-11-24,91
广西壮族自治区委员会党校 （广西行政学院）2021年公开招聘教研人员公告,2021-11-23,88
12月10日 | 国内高校联合举办（第十八届）博士人才云端招聘会,2021-11-23,86
国家计算机网络应急技术处理协调中心西藏分中心2022年度公开招聘公告,2021-11-23,96
加入文理 执梦远航-四川文理学院2021年下半年考核招聘博士人才公告,2021-11-23,120
漳州市关于选拔引进2022届国内外优秀大学生毕业生来漳工作的公告,2021-11-23,108
信产集团-深圳市国电科技通信有限公司22届校园招聘,2021-11-23,80
中国船舶工业系统工程研究院 2022年度校园招聘,2021-11-23,112
战略支援部队某部招录信息,2021-11-23,435
江苏省2022届优秀高校毕业生和2021-2022年度博士后人才需求信息线上发布会,2021-11-23,100
安徽师范大学2021年度人才招聘公告,2021-11-23,85
首都师范大学2021年博士后科研人员招收公告,2021-11-23,75
国家超级计算济南中心“百千万”人才工程 诚聘优秀博士,2021-11-22,101
超星集团2021秋季校园招聘（全国）,2021-11-22,133
中国热带农业科学院南亚热带作物研究所湛江站实验站2021年第六批博士研究生人员公开招聘公告,2021-11-22,54
重庆邮电大学2021-2022年招聘启事,2021-11-22,133
重庆工程学院2021年高层次人才招聘简章,2021-11-22,100
嘉应学院2021-2022年人才招聘启事,2021-11-22,53
厦门大学嘉庚学院2021-2022学年人才招聘启事,2021-11-22,52
浙江大学王绪化团队招聘博士后和科研助理,2021-11-22,47
武汉东湖学院高层次（高学历）人才招聘公告,2021-11-22,65
优化赋能企业运筹帷幄，九算优化2022校园招聘,2021-11-22,47
中国电子科技集团公司第五十三研究所 2022年毕业生招聘计划,2021-11-22,227
黄淮学院2021年诚聘高层次人才,2021-11-22,60
中国地震局地球物理研究所高层次人才引进公告,2021-11-22,57
中国科学院天津工业生物技术研究所体外合成生物学中心 游淳课题组招聘启事,2021-11-22,108
国科学院天津工业生物技术研究所 张玲玲课题组科研人员招聘启事,2021-11-22,85
中国科学院天津工业生物技术研究所体外合成生物学中心 朱之光课题组招聘启事,2021-11-22,54
烟台东方威思顿电气有限公司2022届校园招聘简章,2021-11-22,75
成都航空职业技术学院2022年高层次人才、专任教师招聘公告,2021-11-21,324
2021年“振兴龙江邀你同行” 黑龙江人才周活动机关企业事业单位 ,2021-11-21,80
成都时谱科技有限公司诚聘应届生,2021-11-20,207
巨鲨医疗2022届秋招招聘简章,2021-11-19,123
哈曼科技（深圳）有限公司诚聘实习生/应届生,2021-11-19,136
国家计算机网络应急技术处理协调中心上海分中心2022年度公开招聘公告,2021-11-19,156
海纳“柏”川，恰到好“楚”|柏楚电子2022校园招聘正式启动！,2021-11-19,107
国家计算机网络应急技术处理协调中心海南分中心2022年度公开招聘公告,2021-11-19,84
国家计算机网络应急技术处理协调中心陕西分中心2022年度公开招聘公告,2021-11-19,85
国家管网集团华南公司2022届高校毕业生招聘公告,2021-11-19,107
邯郸制药股份有限公司2022校园招聘,2021-11-19,62
中国科学院微电子研究所低功耗智能芯片与系统团队诚聘海内外英才,2021-11-19,170
海南热带海洋学院2021年度考核招聘教学科研人员公告,2021-11-19,62
白城医学高等专科学校2021年招聘高层次人才公告,2021-11-19,62
杭州长川科技股份有限公司FPGA工程师招聘,2021-11-18,103
国家超级计算深圳中心（2021年）博士后、高级研究员、工程师招聘简章,2021-11-18,110
山东电力设备有限公司2022届高校毕业生招聘简章,2021-11-18,95
材料科学姑苏实验室博士后招聘公告,2021-11-18,59
福建工程学院马克思主义学院教学科研人员招聘启事,2021-11-18,68
福建工程学院2022年师资招聘计划,2021-11-18,55
厦门工学院2021-2022学年高层次人才（博士）引进计划,2021-11-18,54
闽江学院2021下半年度高层次人才招聘公告,2021-11-18,46
苏州系统医学研究所2021-2022年招聘,2021-11-18,53
生物医学硕博人才-安必奇生物2022届校园招聘,2021-11-17,86
广西科技大学教学科研岗招聘,2021-11-17,105
TP-LINK2022届校园招聘补录正式开始,2021-11-17,283
上海烟草机械有限责任公司高层次人才招聘简章,2021-11-17,163
中国地质科学院矿产综合利用研究所2022年度公开招聘公告,2021-11-17,78
中国民航西南空管局2022招聘补充公告,2021-11-17,310
肇庆学院2021年人才招聘启事,2021-11-17,83
为旌科技 2022校园招聘,2021-11-17,128
中国电子科技集团公司第四十一研究所2022校园招聘,2021-11-17,363
广聚英才 共谋发展 南京工业职业技术大学2021年下半年海内外优秀人才招聘公告,2021-11-16,92
梦想启航 “职”通未来-内蒙古大学2021-2022年高薪诚聘海内外人才,2021-11-16,75
中国电科30所2022届校园招聘补录,2021-11-16,463
国家管网集团2022届应届高校毕业生招聘公告,2021-11-16,133
台州学院高等研究院大数据智能医疗研究所招聘启事,2021-11-16,60
广州华夏职业学院2021年高层次人才招聘公告,2021-11-16,52
西南医科大学2021年诚聘海内外英才,2021-11-16,66
南京工业大学第四届“探•智”国际青年学者论坛-电控学院分论坛诚邀海内外英才参加,2021-11-16,54
浙江安防职业技术学院2022年人才需求计划,2021-11-16,72
江西科技职业学院2021年人才招聘公告,2021-11-16,92
江苏医药职业学院2021年拟公开招聘计划,2021-11-16,52
国力电子科技股份有限公司2022界校园招聘,2021-11-16,190
商丘工学院2021年教师招聘公告,2021-11-16,98
广东省某政法机关2022年招录公告,2021-11-16,261
济南历下控股集团2022届校园招聘,2021-11-15,82
关于2021年下半年青神县事业单位考核招聘高层次和紧缺专业技术人才的公告,2021-11-15,149
攀枝花学院2021年高层次人才招聘简章,2021-11-15,118
暨南大学附属第一医院最高年薪66万+招聘博士后,2021-11-15,58
（浙江）丽水学院2021年下半年人才招聘启事,2021-11-15,76
中国科学院长春应用化学研究所2021年度招聘启事,2021-11-15,44
香港中文大学（深圳）诚聘海内外优秀人才,2021-11-15,55
河北农业大学2021年选聘博士公告,2021-11-15,40
北京大学化学与分子工程学院纳米结构功能材料课题组招聘优秀人才,2021-11-15,66
江苏省盐城市2022年面向全国部分高校和境外世界名校引进优秀毕业生工作公告,2021-11-15,165
江苏省阜宁县2022年面向全国部分高校和境外世界名校引进优秀毕业生工作公告,2021-11-15,86
搜狐集团2022届秋季校园招聘正式启动！,2021-11-15,118
筑巢引才 振兴三晋-晋中学院2021年人才引进公告,2021-11-15,62
玉溪师范学院2021年常年招聘博士公告,2021-11-15,53
衢州学院2021年下半年高层次人才招聘公告,2021-11-15,56
琅琊山麓闻号角 引才筑梦正当时-滁州学院2021-2022年诚聘海内外人才,2021-11-15,85
烟台东方威思顿电气有限公司2022届校园招聘简章,2021-11-15,50
郑州大学2021年面向电子科技大学校园专场招聘辅导员（硕士）公告,2021-11-13,617
上海宇勘科技有限公司2022年校园招聘,2021-11-12,139
中国热带农业科学院南亚热带作物研究所湛江站实验站2021年第六批博士研究生人员公开招聘公告,2021-11-12,81
重庆邮电大学2021-2022年招聘启事,2021-11-12,267
重庆工程学院2021年高层次人才招聘简章,2021-11-12,112
嘉应学院2021-2022年人才招聘启事,2021-11-12,63
厦门大学嘉庚学院2021-2022学年人才招聘启事,2021-11-12,59
“才聚眉天府” 眉山天府新区2021年下半年空中云招聘活动公告,2021-11-12,166
 浙江大学王绪化团队招聘博士后和科研助理,2021-11-12,51
南通大学电气工程学院诚聘海内外英才,2021-11-12,46
上海思博职业技术学院2021年招聘信息,2021-11-12,68
中国船舶第七一六研究所2022届校园招聘,2021-11-12,139
山东畜牧兽医职业学院2021年公开招聘副高级岗位人员和博士研究生简章,2021-11-12,40
新疆财经大学2021年高层次人才招聘启事,2021-11-12,55
Marvell美满电子2022校园招聘,2021-11-12,105
ASM先进科技（中国）有限公司,2021-11-11,388
中共凉山州委党校 凉山州行政学院2021-2022年面向全国公开考核招聘教学和科研人员公告,2021-11-11,108
河北农业大学2021年选聘博士公告,2021-11-11,77
三一重型装备有限公司2022校园招聘,2021-11-11,144
北京市朝阳区2022年公务员招录 暨高校毕业生选培计划公告,2021-11-11,168
清华大学张晨团队2021年诚聘数据科学方向优秀博士后和科研助理,2021-11-11,76
同道猎聘集团校园招聘,2021-11-11,61
成都辰显光电2022校招,2021-11-11,127
北京世纪东方智汇科技股份有限公司博士进站,2021-11-11,49
九算优化 2022校园招聘,2021-11-11,77
广州软件学院2021年招聘启事,2021-11-11,68
成都市邛崃市2021年下半年引进急需紧缺高素质人才,2021-11-11,159
宁波大学2021年公开招聘人才公告,2021-11-10,152
横琴粤澳深度合作区2021年博士后招聘公告,2021-11-10,89
恰风华正茂 奏经管新篇-华东交通大学经济管理学院2021-2022年度博士、博士后招聘公告,2021-11-10,74
上海交通大学 电子信息与电气工程学院 空间攻防智能化系统技术实验室招聘启事,2021-11-10,124
材料科学姑苏实验室博士后招聘公告,2021-11-10,62
山东省科学院海洋仪器仪表研究所齐鲁工业大学（山东省科学院）海洋技术科学学院招聘,2021-11-10,56
福建工程学院智慧海洋与工程研究院人才招聘启事,2021-11-10,67
福建工程学院2022年师资招聘计划,2021-11-10,61
“前浪*后浪*汇成巨浪”成都华兴大地科技有限公司招聘,2021-11-10,147
厦门工学院2021年海内外高层次人才招聘启事 ,2021-11-10,44
闽江学院2021下半年度高层次人才招聘公告,2021-11-10,42
苏州系统医学研究所2021-2022年招聘,2021-11-10,52
江苏科技大学2021年诚聘海内外优秀人才,2021-11-10,62
九江学院2021年高层次人才招聘公告,2021-11-10,68
佐佑管理咨询公司2022年校园招聘,2021-11-10,44
福州鑫图光电有限公司成都研发中心招聘信息,2021-11-10,61
浙江工业职业技术学院公开招聘高层次人才公告,2021-11-10,51
宿迁学院2021年高层次人才招聘公告,2021-11-10,48
东莞理工国际微电子学院诚聘海内外优秀人才,2021-11-10,52
深圳市前海深港现代服务业合作区管理局校园招聘公告,2021-11-10,47
成都市邛崃市2021年下半年引进急需紧缺高素质人才公告,2021-11-10,198
南孔圣地-衢州有礼-事业编制-衢州学院2021年下半年人才招聘公告-评聘高级职称名额充足-解决子女入学,2021-11-09,111
成都锐芯盛通电子科技有限公司2021年秋季校园招聘简章,2021-11-09,208
中际联合（北京）科技股份有限公司-上市企业-管培生招聘,2021-11-09,82
中际联合（北京）科技股份有限公司-上市企业-校园招聘,2021-11-09,83
台州学院高等研究院——智能信息处理研究所招聘启事,2021-11-09,60
广州华夏职业学院2021年招聘公告,2021-11-09,49
广西柳州高新区博士后科研工作站2021年招聘简章,2021-11-09,48
西门子工业边缘计算应用开发实习（研发、产品）,2021-11-09,104
西南医科大学2021年诚聘海内外英才,2021-11-09,59
南京工业大学第四届“探•智”国际青年学者论坛-电控学院分论坛诚邀海内外英才参加,2021-11-09,49
广纳英才，携手共创世界一流大学—中法航空大学,2021-11-09,70
中科院成都信息技术股份有限公司2022届秋季校园招聘简章,2021-11-09,257
浙江越秀外国语学院2021年高层次人才引进公告,2021-11-09,46
深圳大学智能物联网中心杨亚涛特聘教授团队2021年博士后招聘公告,2021-11-09,52
中国电子技术标准化研究院 2021年秋季校园招聘公告,2021-11-09,141
金元证券股份有限公司2022届应届生校园招聘,2021-11-09,47
北京华宇信息技术有限公司博士后招聘,2021-11-08,135
长治学院2021年公开招聘博士研究生公告,2021-11-08,109
国泰君安证券博士后科研工作站2022年度招聘简章,2021-11-08,70
暨南大学附属第一医院最高年薪66万+招聘博士后,2021-11-08,61
成都辰显光电2022届校园招聘,2021-11-08,241
（浙江）丽水学院2021年下半年人才招聘启事,2021-11-08,55
中国科学院长春应用化学研究所2021年度招聘启事,2021-11-08,59
香港中文大学（深圳）诚聘海内外优秀人才,2021-11-08,54
河北农业大学2021年选聘博士公告,2021-11-08,51
深圳综合粒子设施研究院校园招聘公告,2021-11-08,62
中国农业银行博士后科研工作站 2022年度博士后招聘,2021-11-08,56
北京龙双利达知识产权代理有限公司2022届秋季招聘,2021-11-08,52
烟台东方威思顿电气有限公司2022届校园招聘简章,2021-11-08,51
上海视觉艺术学院2021-2022学年招聘启事,2021-11-08,49
水利部长江水利委员会长江科学院2022年度校园招聘(博士岗位)公告,2021-11-08,71
加入我们！“船”承理想 强军报国-中国船舶第八研究院（南京）2022届校园招聘,2021-11-06,316
毫末智行2022秋季校园招聘,2021-11-05,175
鹏华基金 金融科技2022年校园招聘,2021-11-05,133
中国船舶工业综合技术经济研究院2022年校园招聘,2021-11-05,221
中山大学生物医学工程学院2021年诚聘英才,2021-11-05,96
中山大学微电子科学与技术学院2021年人才招聘公告,2021-11-05,133
中国热带农业科学院南亚热带作物研究所湛江站实验站2021年第六批博士研究生人员公开招聘公告,2021-11-05,60
陆军军医大学战创伤医学中心2021年人才招聘,2021-11-05,77
2021年洛阳职业技术学院线上招聘,2021-11-05,97
鞍山市面向“双一流”建设高校校园招聘2022年应届毕业生公告,2021-11-05,126
北方华创微电子2022校园招聘,2021-11-05,114
中铁信托博士后创新实践基地 2022年招收博士后研究人员招收简章,2021-11-05,64
北京智束科技有限公司2021校园招聘公告,2021-11-05,66
北京国望—“科研（光机电软热力控数物化）、管理工程师”招募,2021-11-05,71
重庆三峡职业学院2021年博士、硕士研究生人才招聘简章,2021-11-04,214
中国科学院计算技术研究所2021年秋冬季博士人才视频双选会,2021-11-04,134
南通大学电气工程学院诚聘海内外英才,2021-11-04,108
闽南师范大学2021年诚纳英才,2021-11-04,76
遂宁银行2022届校园招聘,2021-11-04,94
深圳市光明区“万名博士聚光明”,2021-11-04,80
2022年石河子大学医学院教师招聘公告,2021-11-04,54
紫微科技2021年秋季校园招聘会,2021-11-04,100
科学出版社成都有限责任公司实习生招聘,2021-11-04,87
【灵动科技】2022校园招聘,2021-11-03,211
年薪28万起！中国科学院工程热物理研究所2021年秋冬季博士人才视频双选会,2021-11-03,283
江苏鑫康微电子科技有限公司,2021-11-03,128
材料科学姑苏实验室博士后招聘公告,2021-11-03,83
山东省科学院海洋仪器仪表研究所齐鲁工业大学（山东省科学院）海洋技术科学学院招聘信息,2021-11-03,78
福建工程学院马克思主义学院教学科研人员招聘启事,2021-11-03,45
福建工程学院2022年师资招聘计划,2021-11-03,51
厦门工学院2021-2022学年高层次人才（博士）引进计划,2021-11-03,59
闽江学院2021下半年度高层次人才招聘公告,2021-11-03,37
苏州系统医学研究所2021-2022年招聘,2021-11-03,59
江苏科技大学2021年诚聘海内外优秀人才,2021-11-03,66
中国科学院微生物所病毒感染与免疫相关博士后岗招聘,2021-11-03,42
从医兴教 育才报国-西南医科大学2021年诚聘海内外英才,2021-11-03,56
四川大学锦江学院2021年人才招聘,2021-11-03,195
昆山市2021年度专业化青年人才定岗特选,2021-11-03,54
石河子大学政法学院2022年人才招聘,2021-11-03,60
南宁职业技术学院公开招聘博士研究生公告,2021-11-03,49
2021常州大学诚邀海内外人才共谋发展,2021-11-03,40
常熟理工学院2021年人才招聘,2021-11-02,120
瓯江实验室校园招聘简章,2021-11-02,114
广州华夏职业学院2021年招聘公告,2021-11-02,77
西南医科大学2021年诚聘海内外英才,2021-11-02,77
清华大学材料课题组招聘热电/热障/结构陶瓷博士后,2021-11-02,73
中建材蚌埠玻璃工业设计研究院2022年校园招聘,2021-11-02,70
2022一飞院招聘简章,2021-11-02,286
北京国望光学科技有限公司招聘信息,2021-11-02,42
来RC做自己的盖世英雄！-瑞斯康达2022年空宣,2021-11-02,89
战略支援部队某部队直接选拔招录军官和公开招考文职人员,2021-11-02,455
潍坊医学院2021年诚聘海内外优秀博士,2021-11-02,39
浙江工业大学之江学院2021年公开招聘工作人员（非事业编制）公告,2021-11-02,72
枣庄学院2021年人才招聘启事,2021-11-02,63
四川省国土空间生态修复与地质灾害防治研究院 2022年招聘专业技术人员公告,2021-11-02,119
中国互联网金融协会系统 2022年校园招聘公告,2021-11-01,174
中通服设计院2022届秋季校园招聘,2021-11-01,156
2022年广西北部湾银行与复旦大学联合招收博士后研究人员通告,2021-11-01,65
台州学院高等研究院大数据智能医疗研究所招聘启事,2021-11-01,56
暨南大学附属第一医院最高年薪66万+招聘博士后,2021-11-01,69
（浙江）丽水学院2021年下半年人才招聘启事,2021-11-01,49
长春应化所首届国际青年论坛,2021-11-01,38
香港中文大学（深圳）诚聘海内外优秀人才,2021-11-01,69
河北农业大学2021年选聘博士公告,2021-11-01,43
美国路易斯安那州立大学医学院招聘博士后,2021-11-01,56
天津市教育科学研究院2021年第二批公开招聘方案,2021-11-01,59
水利部长江水利委员会长江科学院2022年度校园招聘(博士岗位)公告,2021-11-01,62
东兴证券股份有限公司2022校园招聘,2021-11-01,60
佰墨思（成都）数字技术有限公司Java开发工程师招聘,2021-11-01,86
中国科学院国家空间科学中心2022年应届毕业生招聘,2021-11-01,135
烟台东方威思顿电气有限公司2022届校园招聘简章,2021-11-01,53
中国科学院国家空间科学中心  2022年特别研究助理招聘启事,2021-11-01,106
南昌航天科技集团有限公司2021年人才招聘公告,2021-11-01,83
乘风时代，逐梦央企研究院 ——中国电信研究院诚邀您加入,2021-11-01,108
中国华电集团有限公司 2022年“青年骏才”招聘和校园招聘公告,2021-11-01,355
材料科学姑苏实验室2021年高层次人才招聘,2021-11-01,42
山东省科学院海洋仪器仪表研究所2021-2022年招聘,2021-11-01,97
深圳市钛锋智能有限公司2022届校园招聘,2021-10-31,104
南方报业2022校园招聘公告,2021-10-31,113
青岛智腾微电子有限公司2022年校园招聘,2021-10-30,127
合肥安晶龙电子股份有限公司2022届校园招聘,2021-10-29,125
中国热带农业科学院南亚热带作物研究所湛江站实验站2021年第六批博士研究生人员公开招聘公告,2021-10-29,80
东北农业大学2021年下半年人才公开招聘公告,2021-10-29,80
北京雄恩数学培训学校2022年校园招聘,2021-10-29,75
聚英才，冲一流，创未来-山东第一医科大学(山东省医学科学院)2021年诚聘海内外优秀人才,2021-10-29,72
凯普生物2022届校园招聘,2021-10-29,94
湘潭大学2021年博士后招聘简章,2021-10-29,89
2021年海军工程大学面向社会公开招考文职人员预告,2021-10-29,239
铁科院咨询公司2022年校园招聘,2021-10-29,173
中邮信息科技（北京）有限公司 2022年秋季校园招聘,2021-10-28,187
中国电子科技集团公司第十三研究所 2022届校园招聘,2021-10-28,610
佛山仙湖实验室招聘启事,2021-10-28,136
上消所2022校招,2021-10-28,190
重庆邮电大学2021-2022年招聘启事,2021-10-28,236
重庆工程学院2021年高层次人才招聘简章,2021-10-28,94
嘉应学院2021-2022年人才招聘启事,2021-10-28,50
厦门大学嘉庚学院2021-2022学年人才招聘启事,2021-10-28,52
浙江大学王绪化团队招聘博士后和科研助理,2021-10-28,49
南通大学电气工程学院诚聘海内外英才,2021-10-28,54
岭南现代农业科学与技术广东省实验室高端人才、拔尖人才招聘公告,2021-10-28,49
携手师大 筑梦未来-江苏师范大学2021年人才引进政策及计划,2021-10-28,61
苏州苏高新集团有限公司 2022校园招聘公告,2021-10-28,99
上汽大众2022校园招聘,2021-10-28,348
贵州航天天马机电科技有限公司成都研究院分公司,2021-10-28,166
河北中瓷电子科技股份有限公司工艺工程师招聘,2021-10-28,64
首都师范大学2021年博士后科研人员招收公告,2021-10-28,63
湖州师范学院量子物理研究中心高层次人才招聘启事,2021-10-28,63
河北中瓷电子科技股份有限公司招聘产品研发设计师,2021-10-28,38
泉意光罩光电科技（济南）有限公司 2022应届毕业生招聘,2021-10-28,77
引才正当时 共筑西华梦-西华大学2021年人才招聘公告,2021-10-27,159
北京炬玄智能科技有限公司,2021-10-27,91
招商局通商融资租赁有限公司2022年度 校园招聘简章,2021-10-27,87
厦门工学院2021-2022学年高层次人才（博士）引进计划,2021-10-27,74
百年复兴路 科学正当时-中国科学院青岛生物能源与过程研究所博士后招聘需求,2021-10-27,73
江苏科技大学2021年诚聘海内外优秀人才,2021-10-27,100
福建工程学院智慧海洋与工程研究院人才招聘启事,2021-10-27,51
福建工程学院2022年师资招聘计划,2021-10-27,49
山东省科学院激光研究所2021年人才招聘简章,2021-10-27,72
桂林电子科技大学2021年高层次人才招聘公告,2021-10-27,111
山东省科学院海洋仪器仪表研究所齐鲁工业大学（山东省科学院）海洋技术科学学院招聘,2021-10-27,51
中科南京智能技术研究院招聘简章,2021-10-27,97
兴义民族师范学院2021年人才引进公告,2021-10-27,79
云南省公路科学技术研究院2022年劳动合同制专业技术人员校园招聘简章,2021-10-27,107
四川邮政2022年校园招聘,2021-10-27,304
南方医科大学南方医院—杰青团队博士后招聘,2021-10-26,88
启明信息技术股份有限公司2022年校园招聘简章,2021-10-26,144
广州华夏职业学院2021年招聘公告,2021-10-26,76
西南医科大学2021年诚聘海内外英才,2021-10-26,73
重庆交通职业学院,2021-10-26,285
烟台东方威思顿电气有限公司2022届校园招聘简章,2021-10-26,76
11月12日二十余省市高校联合启动第23届博士人才云端选聘会（初审+面试）,2021-10-26,112
高层次人才网秋冬季博士专场网络视频双选会,2021-10-26,89
厦门市产品质量监督检验院公开招聘专业人才简章,2021-10-26,81
华安基金管理有限公司2022届校园招聘简章 智诚相伴  共赴未来,2021-10-26,75
中国计量大学工业与商贸计量技术研究所博士招聘,2021-10-26,56
北京安必奇生物2022届生物医药人才招募,2021-10-26,81
2021年高凯技术秋季校园招聘,2021-10-26,100
中国科学院微电子研究所低功耗智能芯片与系统团队招聘,2021-10-25,236
苏州天准科技 2022届校园招聘（空宣时间10月27日19：00）,2021-10-25,90
 2021年下半年广东省汕尾市事业单位公开招聘高层次急需紧缺人才公告,2021-10-25,113
暨南大学附属第一医院最高年薪66万+招聘博士后,2021-10-25,60
台州学院高等研究院——智能信息处理研究所招聘启事,2021-10-25,53
（浙江）丽水学院2021年下半年人才招聘启事,2021-10-25,68
中国科学院长春应用化学研究所2021年度招聘启事,2021-10-25,53
香港中文大学（深圳）诚聘海内外优秀人才,2021-10-25,69
河北农业大学2021年选聘博士公告,2021-10-25,41
亿联银行2022年校园招聘,2021-10-25,60
季华实验室2022届应届毕业生  校园招聘公告,2021-10-25,88
有研科技集团有限公司2022年毕业生招聘公告,2021-10-25,88
南宁职业技术学院2021年公开招聘,2021-10-25,104
石家庄铁道大学2021年博士招聘公告,2021-10-25,78
泸州老窖集团有限责任公司 2022校园招聘简章,2021-10-25,166
保华微电子有限公司嵌入式工程师招聘【机械、电子、通信、自动化等专业优先】,2021-10-25,133
白城医学高等专科学校2021年招聘高层次人才公告,2021-10-25,63
中共河北省委党校（河北行政学院）2021年诚聘英才,2021-10-25,53
于金秋 赴桂工-桂林理工大学2021年,2021-10-25,67
陆军第七十三集团军医院2021年招聘简章,2021-10-24,237
捷普科技成都有限公司2022校园招聘,2021-10-23,290
东正光学2022校园招聘,2021-10-23,241
兴工微2022届校园招聘,2021-10-22,178
奋斗百年路 启航新征程-湘潭大学2021年诚聘海内外人才,2021-10-22,125
中国电子科技集团公司第二十二研究所 2022年度校园招聘,2021-10-22,612
北京创世宏景专利商标代理有限责任公司校园招聘专利代理人助理和专利流程专员兼行政助理,2021-10-22,67
浙江大学王绪化团队招聘博士后和科研助理,2021-10-22,79
嘉应学院2021-2022年人才招聘启事,2021-10-22,55
重庆工程学院2021年高层次人才招聘简章,2021-10-22,96
重庆邮电大学2021-2022年招聘启事,2021-10-22,119
深圳综合粒子设施研究院校园招聘公告,2021-10-22,68
【综合1场&综合2场】高校人才网2021年秋冬季博士人才视频双选会邀请函,2021-10-22,133
国泰君安证券四川分公司 2022年校园招聘公告,2021-10-22,173
海南贯成私募基金管理有限公司基金经理助理招聘,2021-10-22,83
石河子大学政法学院2022年人才招聘,2021-10-22,83
2022年石河子大学生命科学学院公开招聘教师简章,2021-10-22,83
前海深蕾科技集团2022应届生招聘简章,2021-10-21,123
深圳莱宝高科技股份有限公司诚邀加入,2021-10-21,124
玉溪师范学院2021年常年招聘博士公告,2021-10-21,85
闽江学院2021下半年度高层次人才招聘公告,2021-10-21,76
新乡航空工业（集团）有限公司2022届校园招聘,2021-10-21,149
厦门工学院2021-2022学年高层次人才（博士）引进计划,2021-10-21,72
龙芯中科2022校园招聘,2021-10-21,168
福建工程学院马克思主义学院教学科研人员招聘启事,2021-10-21,41
福建工程学院2022年师资招聘计划,2021-10-21,52
诚邀英才 同心筑梦  南京晓庄学院2021年下半年公开招聘人才公告,2021-10-21,69
厦门大学嘉庚学院2021-2022学年人才招聘启事,2021-10-21,55
材料科学姑苏实验室博士后招聘公告,2021-10-21,53
苏州系统医学研究所2021-2022年招聘,2021-10-21,48
北京邮电大学信息与通信工程学院康桂霞教授团队招聘人才,2021-10-21,99
中国科学院武汉岩土力学研究所科研岗位和特别研究助理（含博士后）招聘简章【长期有效】,2021-10-21,75
航天时代飞鹏有限公司校招,2021-10-21,122
华中农业大学2022年辅导员招聘公告 （博士学位辅导员实行年薪制）,2021-10-21,220
成都未尔科技有限公司2021年秋季校园招聘,2021-10-21,155
哈尔滨工业大学人工智能研究院有限公司2022校园招聘岗位,2021-10-21,83
中国广电广州网络股份有限公司2022届秋季校园招聘,2021-10-21,74
2022年浙江珏芯微电子有限公司校招招聘信息,2021-10-21,71
嘉兴职业技术学院公开招聘高层次紧缺人才（教职人员）剩余岗位说明,2021-10-21,108
粤开证券股份有限公司2022届校园招聘,2021-10-21,71
中德证券创新融资部实习生招聘,2021-10-21,80
深圳电器公司2022年校园招聘,2021-10-20,123
清源创新实验室博士科研人员和博士后招聘公告,2021-10-20,121
河池学院2021年人才招聘公告,2021-10-20,126
深圳北芯生命科技股份有限公司2022届校园招聘,2021-10-20,116
成都纺织高等专科学校2021年人才招聘公告,2021-10-20,349
多彩贵州航空有限公司面向电子科技大学开展招录管培生工作的招聘简章,2021-10-20,215
山西国科公司-技术岗位,2021-10-20,98
广州航海学院 广州交通大学（筹）2021年第一批人才招聘公告,2021-10-20,82
北京国望—“科研(光机电软热力控数物化)、管理工程师”招募,2021-10-20,109
星海扬帆，圆梦航天—吉天星舟2022招聘简章,2021-10-20,186
创鑫激光2022届秋季校园招聘|来开创•鑫时代,2021-10-20,115
中国地震局地球物理研究所高层次人才引进公告,2021-10-20,168
电子科技大学医学院附属肿瘤医院·四川省肿瘤医院2022年招聘公告,2021-10-20,157
现场宣讲 | 10月25日 | 佰维存储2022届校招正式启动！,2021-10-19,198
“服务央行 筑梦成方”-成方金融科技有限公司（中国人民银行软件开发中心）2022年校园招聘,2021-10-19,463
南通大学电气工程学院诚聘海内外英才,2021-10-19,74
广州华夏职业学院2021年招聘公告,2021-10-19,59
西南医科大学2021年诚聘海内外英才,2021-10-19,93
江苏科技大学2021年诚聘海内外优秀人才,2021-10-19,82
华中师范大学化学学院化学生物学中心招聘博士后,2021-10-19,45
辽宁工业大学2021年诚聘人才公告,2021-10-19,72
浙商银行总行金融科技部2022校园招聘,2021-10-19,137
衢州职业技术学院2021年人才引进公告（专业带头人、博士研究生）,2021-10-19,76
浙江理工大学科技与艺术学院关于面向校内外公开招聘专职辅导员的公告,2021-10-19,54
滁州学院信息化建设与管理中心2021年度工作人员招聘公告,2021-10-19,54
深圳市大数据研究院2021年科研人员招聘,2021-10-19,158
中共中山市委党校专任教师招聘,2021-10-19,204
龙腾半导体股份有限公司2022届校园招聘,2021-10-19,240
【甘肃国企】金川集团面向电子科技大学秋季招聘信息,2021-10-19,155
曼迪匹艾（武汉）科技服务有限公司2021秋招,2021-10-19,104
诚泰租赁2022校园招聘全面启动,2021-10-19,68
成都奥睿药业有限公司2021年招聘,2021-10-19,110
清华大学出版社2022校园招聘,2021-10-19,132
成都高阳信息技术有限公司硬件工程师招聘,2021-10-19,114
成都未尔科技有限公司2022届校园招聘,2021-10-18,137
中国石油集团西部钻探工程有限公司工程技术研究院高层次人才招聘启事,2021-10-18,154
鼎阳科技2022届校园招聘,2021-10-18,175
 中国科学院海西研究院泉州装备制造研究所 信号处理与微波系统创新团队招聘启事,2021-10-18,136
河北农业大学2021年选聘博士公告,2021-10-18,68
（浙江）丽水学院2021年下半年人才招聘启事,2021-10-18,85
台州学院高等研究院大数据智能医疗研究所招聘启事,2021-10-18,47
暨南大学附属第一医院最高年薪66万+招聘博士后,2021-10-18,83
陆军特色医学中心（大坪医院）肾内科人才招聘,2021-10-18,63
大悦城控股西南区域公司2022届校园招聘简章,2021-10-18,145
柳州铁道职业技术学院2021-2022学年招聘简章,2021-10-18,88
高层次人才网秋冬季博士专场网络视频双选会,2021-10-18,103
衢州学院2021年下半年高层次人才招聘公告,2021-10-18,94
中国电建集团青海省电力设计院有限公司校园招聘,2021-10-18,100
烟台东方威思顿电气有限公司2022届校园招聘简章,2021-10-18,50
芜湖启迪半导体有限公司招聘信息,2021-10-18,89
中国网安（含中国电科三十所）2022届校园招聘,2021-10-18,489
中国网安（含中国电科三十所）2022届校园招聘简章,2021-10-18,170
区块链头部企业——湖南天河国云2022届校招,2021-10-17,89
西安欧亚学院2022年教师校园招聘,2021-10-15,169
中国科学院软件研究所2022年度校园招聘简章,2021-10-15,272
深圳银保监局2022年度公务员招考公告,2021-10-15,140
深圳三星通信技术研究有限公司2022校园招聘,2021-10-15,283
国力股份2022届“国动力”校园招聘,2021-10-15,229
浙江大学王绪化团队招聘博士后和科研助理,2021-10-15,105
山东省科学院海洋仪器仪表研究所齐鲁工业大学（山东省科学院）海洋技术科学学院招,2021-10-15,100
中国科学院长春应用化学研究所2021年度招聘启事,2021-10-15,81
香港中文大学（深圳）诚聘海内外优秀人才,2021-10-15,101
2022年石河子大学公开招聘事业单位工作人员简章,2021-10-15,123
南方医科大学南方医院—杰青团队博士后招聘,2021-10-15,55
高毅资产2022年校园招聘,2021-10-15,116
粤港澳大湾区重要节点城市——惠州学院2021年招聘专任教师（博士、硕士）,2021-10-15,91
中广电设计院2022年高校毕业生公开招聘公告,2021-10-15,180
江苏金融租赁股份有限公司 2022年度校园招聘简章----空中宣讲会,2021-10-15,83
中国电建集团青海省电力设计院有限公司,2021-10-15,107
广州华商职业学院2021年秋季学期人才引进公告,2021-10-15,98
广州华立学院2021年日语教师招聘启事,2021-10-15,55
厦门理工学院2021年公开招聘,2021-10-15,78
瀚辰光翼2022届校园招聘,2021-10-14,136
重庆邮电大学2021-2022年招聘启事,2021-10-14,224
重庆工程学院2021年高层次人才招聘简章,2021-10-14,138
嘉应学院2021-2022年人才招聘,2021-10-14,85
深圳综合粒子设施研究院校园招聘公告,2021-10-14,75
蓝鸽集团有限公司2022校招简章,2021-10-14,120
杭州凯龙医疗器械有限公司2022届校园招聘,2021-10-14,84
贵州航天天马机电科技有限公司成都研究院分公司,2021-10-14,142
国家超级计算深圳中心（2021年）博士后、高级研究员招聘简章,2021-10-14,75
2022深迪半导体校园招聘,2021-10-14,201
航天行云（航天科工四院卫星总体单位）2022年度校园招聘,2021-10-14,411
梦耀南湖 创想未来丨南湖实验室2022秋季校园招聘正式启动！,2021-10-14,163
鼎智通讯2022校园招聘会,2021-10-14,159
滨州医学院2021年面向全球招聘,2021-10-14,91
国家电网有限公司大数据中心  2022年高校毕业生校园招聘公告,2021-10-14,509
中国电子科技集团公司第三十四研究所（军工单位、事业编制）,2021-10-14,764
巨磁智能【长沙研发中心】2022年秋季校园招聘,2021-10-13,46
苏州高新区2021年度专业化青年人才定岗特选简章,2021-10-13,373
中国电子科技南湖研究院,2021-10-13,294
汇聚国之栋梁 成就卓越人生  中国电子科技集团公司电子科学研究院2022届校园招聘启动,2021-10-13,255
2021年石家庄二中实验学校招聘公告,2021-10-13,166
绍兴市中等专业学校2022年新教师招聘邀约函,2021-10-13,128
深圳通创通信有限公司校园招聘（20211021双选会）,2021-10-13,172
青岛鼎信通讯22届校园招聘简章,2021-10-13,84
国家计算机网络应急技术处理协调中心国家中心2022年校园招聘,2021-10-13,510
山东临工2022届校园招聘简章,2021-10-13,95
深圳市国电科技通信有限公司22届校园招聘,2021-10-13,142
白城医学高等专科学校2021年招聘高层次人才公告,2021-10-13,100
厦门市产品质量监督检验院公开招聘专业人才简章,2021-10-13,59
北京忆芯科技有限公司校园招聘,2021-10-13,96
航空工业泛华航空仪表电器有限公司招聘,2021-10-13,185
三环集团2022届未来之星校园招聘,2021-10-12,258
上海航天八院802所2022届校园招聘,2021-10-12,258
TCL 实业2022届全球青年人才招聘,2021-10-12,236
成都天锐星通科技有限公司2022年秋季校园招聘会,2021-10-12,252
厦门大学嘉庚学院2021-2022学年人才招聘启事,2021-10-12,97
材料科学姑苏实验室博士后招聘公告,2021-10-12,75
【成都站】高校人才网2021年秋冬季博士人才现场巡回招聘会邀请函,2021-10-12,158
福建工程学院2022年师资招聘计划,2021-10-12,67
福建工程学院马克思主义学院教学科研人员招聘启事,2021-10-12,41
厦门工学院2021-2022学年高层次人才（博士）引进计划,2021-10-12,57
闽江学院2021年度高层次人才招聘公告,2021-10-12,40
中科南京智能技术研究院招聘简章,2021-10-12,107
无锡先进技术院研究院2022年校园招聘简章,2021-10-12,122
人社部指导-中博会高层次人才洽谈会 （2021年度）秋季巡回面试会-电子科技大学线下硕博专场,2021-10-12,308
益思芯科技---创新DPU的先行者 诚邀加盟,2021-10-12,53
中国电科五十所招聘通信研发工程师,2021-10-12,490
 北京九章云极2021年10月14日14点-电子科技大学宣讲会-主楼B1-104,2021-10-12,80
飞芯电子2022届校园招聘,2021-10-12,185
衢州职业技术学院高层次人才引进公告,2021-10-12,112
湖南天河国云2021秋招,2021-10-12,84
苏州顺芯半导体有限公司2022届校园招聘,2021-10-12,91
上海复旦微电子集团股份有限公司2022年校园招聘,2021-10-12,151
南京科远智慧科技集团电子科技大学专场宣讲会(10月14日 品学楼 b206 14:00),2021-10-12,72
光启2022年校招,2021-10-12,140
中国科学院武汉岩土力学研究所科研岗位和特别研究助理（含博士后）招聘简章,2021-10-12,95
广州金融控股集团2021年博士后招聘,2021-10-11,58
中国科学院微小卫星创新研究院2022届校园招聘,2021-10-11,147
中国石化上海石油化工研究院2021年人才招聘,2021-10-11,92
广州华夏职业学院2021年招聘公告,2021-10-11,63
江苏科技大学2021年诚聘海内外优秀人才,2021-10-11,80
西南医科大学2021年诚聘海内外英才,2021-10-11,96
中国科学院微电子研究所低功耗智能芯片与系统团队招聘,2021-10-11,119
南通大学电气工程学院诚聘海内外英才,2021-10-11,55
成都医学院2021年直接考核招聘博士、副高及以上高层次人才公告,2021-10-11,102
福建永福电力设计股份有限公司2022年校园招聘,2021-10-11,65
中国科学报社2022年毕业生招聘启事,2021-10-11,82
纵目科技2022校园招聘 ——万纵瞩目，只因有你,2021-10-11,84
惠州华阳通用2022届校园招聘简章,2021-10-11,45
贵州医科大学2021年引进人才公告,2021-10-11,95
爱凡哲投资管理有限公司IT运维工程师2022招聘,2021-10-11,40
西南证券2022届秋季校园招聘,2021-10-11,94
成都精灵云科技有限公司2022届校招,2021-10-11,205
成方金融科技有限公司（中国人民银行软件开发中心）2022年校园招聘,2021-10-11,98
成都先导药物开发股份有限公司2022届校园招聘,2021-10-11,140
高层次人才网秋冬季博士专场网络视频双选会,2021-10-11,116
巢湖学院2021年度专职辅导员公开招聘（第二批）预公告,2021-10-11,103
清华四川能源互联网研究院人力资源实习生招聘,2021-10-11,228
首都师范大学2021年博士后科研人员招收公告,2021-10-11,67
物泊科技2022届校园招聘-“领航”计划,2021-10-11,82
江苏鑫康微电子科技有限公司招聘,2021-10-10,30
启明信息技术股份有限公司2022年校园招聘简章,2021-10-10,172
苏州大学未来校区人才招聘公告,2021-10-10,177
深圳迈塔兰斯科技有限公司2022校园招聘,2021-10-10,134
网易有道2022校园招聘宣讲会,2021-10-10,236
兴业银行深圳分行2022届校园招聘,2021-10-10,99
声网Agora2022校园招聘,2021-10-09,146
声网2022校园大使,2021-10-09,112
中国科学院上海巴斯德研究所2021年度招,2021-10-09,202
成都新易盛通信技术股份有限公司2022届校园招聘,2021-10-09,214
金控公司-股权投资岗,2021-10-09,108
旗遇未来，云程万里——达实旗云2022届校园招聘会,2021-10-09,95
暨南大学附属第一医院最高年薪66万+招聘博士后,2021-10-09,53
台州学院高等研究院大数据智能医疗研究所招聘启事,2021-10-09,44
中国联通智网创新中心2022校园招聘,2021-10-09,52
（浙江）丽水学院2021年下半年人才招聘启事,2021-10-09,50
苏州国际发展集团有限公司博士后招聘,2021-10-09,39
河北农业大学2021年选聘博士公告,2021-10-09,58
苏州系统医学研究所2021-2022年招聘,2021-10-09,50
深信服科技2022校招市场&技服专项,2021-10-09,78
河北化工医药职业技术学院2021年选聘工作人员公告（空余岗位）,2021-10-09,64
霍莱沃2022校园招聘,2021-10-09,83
浦汇金英 创造卓越 —— 浦银租赁2022年度校园招聘,2021-10-09,97
“新能源时代，奋发有为”惠州亿纬锂能股份有限公司2022校园招聘,2021-10-08,117
广西医科大学2021年博士人才招聘公告,2021-10-08,75
中国航发商发2022届校园招聘简章,2021-10-08,157
四川航天七零六信息科技有限公司校园招聘启事,2021-10-08,528
深圳通创通信有限公司校园招聘,2021-10-08,121
富迪科技（南京）有限公司2022届校园招聘 ,2021-10-08,89
国网湖北省电力有限公司2022年校园招聘公告,2021-10-08,362
华夏理财有限责任公司2022年校园招聘启事,2021-10-08,81
浙江大学王绪化团队招聘博士后和科研助理,2021-10-08,65
山东省科学院海洋仪器仪表研究所齐鲁工业大学（山东省科学院）海洋技术科学学院招聘,2021-10-08,58
中国科学院长春应用化学研究所2021年度招聘启事,2021-10-08,52
香港中文大学（深圳）诚聘海内外优秀人才,2021-10-08,63
东北农业大学2021年下半年人才公开招聘公告,2021-10-08,67
中国网安（含中国电科三十所）2022届校园招聘,2021-10-08,566
潍坊学院2021年人才招聘启事,2021-10-08,85
高层次人才网秋冬季博士专场网络视频双选会,2021-10-08,102
厦门市产品质量监督检验院公开招聘专业人才简章,2021-10-08,85
北京国望—“科研、管理工程师”招募（10.12线下宣讲）,2021-10-08,98
巨磁智能【长沙研发中心】2022年秋季校园招聘,2021-10-08,81
成都中医药大学2021年10月招聘编制外工作人员公告,2021-10-08,193
成都中医药大学2021年10月招聘辅导员公告,2021-10-08,495
ASM先进科技（中国）有限公司 2022校园招聘,2021-10-08,214
衡阳镭目科技有限责任公司2022校园招聘来袭！,2021-10-08,75
四川传媒学院招聘公告,2021-10-08,834
中科院空天院粤港澳大湾区研究院2022年度校园招聘,2021-10-08,202
国家开发银行新疆分行2022年高校毕业生招聘公告,2021-10-07,115
大连海事大学航海学院地理信息科学专业诚聘优秀人才,2021-10-07,98
烟台东方威思顿电气有限公司2022届校园招聘简章,2021-10-07,60
浙江泰隆商业银行2022届秋季校园招聘,2021-10-07,53
国开金融有限责任公司2022年高校毕业生招聘公告,2021-10-07,125
深圳英飞源技术有限公司 2022届校园招聘,2021-10-07,83
投身高新发展·闪耀星晨未来——沈阳高发投集团“管理培训生-星晨计划”校园招聘,2021-10-07,55
中孚信息2022校园招聘,2021-10-06,264
滨州职业学院2021年博士招聘,2021-10-06,107
南京大学普惠三农金融科技创新研究中心2021青年教师（大数据AI区块链）岗招聘,2021-10-05,133
深圳市微源半导体股份有限公司,2021-10-05,66
国家开发银行广西分行2022年高校毕业生招聘公告,2021-10-04,208
中国船舶集团第七〇九研究所2022年校园招聘,2021-10-03,627
深圳市同为数码科技股份有限公司2022届校园招聘,2021-09-30,257
金元证券股份有限公司2022届应届生校园招聘,2021-09-30,156
即刻出发 铂力特2022“新特力”校园招聘全面开启,2021-09-30,192
2022威高（苏州）医疗器械研究院有限公司秋季招聘,2021-09-30,206
华润电科院2022届校园招聘启动啦,2021-09-30,346
2022届通创通信校园招聘,2021-09-30,155
成都寰蓉光电科技有限公司招聘信息,2021-09-30,281
南京摄星智能2022届应届毕业生招聘简章,2021-09-30,104
上海大学2022年博士毕业生招聘（流动编制）,2021-09-30,155
国家超级计算济南中心“百千万”人才工程 诚聘优秀博士,2021-09-30,117
重庆国际免疫研究院2021年人才招聘,2021-09-30,128
重庆邮电大学2021-2022年招聘启事,2021-09-30,268
重庆工程学院2021-2022年教职工招聘简章,2021-09-30,204
嘉应学院2021-2022年人才引进,2021-09-30,109
滨州学院诚聘海内外优秀人才,2021-09-30,86
海南热带海洋学院公开招聘二级学院院长、副院长及部分机关教辅负责人公告,2021-09-30,44
国信证券股份有限公司博士后科研工作站  2022年招收博士后 ,2021-09-30,58
2021年下半年广东省汕尾市事业单位公开招聘高层次急需紧缺人才公告,2021-09-30,117
维塔士游戏成都工作室2022届秋招,2021-09-30,110
成都深蓝思维信息技术有限公司招聘软件开发工程师,2021-09-30,130
宁波市面向2022届优秀高校毕业生选聘高层次紧缺人才综合公告,2021-09-30,177
巨磁智能【长沙研发中心】2022年秋季校园招聘,2021-09-30,75
成都东软学院2022年校园招聘,2021-09-29,428
国科电雷（北京）电子装备技术有限公司成都分公司2022年校园招聘,2021-09-29,219
四川省地质工程勘察院集团有限公司2022年招聘公告,2021-09-29,201
浦发银行科技子公司（筹）2022年度校园招聘,2021-09-29,181
广东机电职业技术学院、广东省博士工作站2021年博士研究生招聘公告,2021-09-29,83
厦门大学嘉庚学院2021-2022学年人才招聘启事,2021-09-29,83
材料科学姑苏实验室博士后招聘公告,2021-09-29,67
广东智能无人系统研究院 2022年校园招聘公告,2021-09-29,141
厦门工学院2021-2022学年高层次人才（博士）引进计划,2021-09-29,62
闽江学院2021年度高层次人才招聘公告,2021-09-29,50
南京工业大学马克思主义学院诚聘高层次人才,2021-09-29,62
苏州高端彩超制造商-苏州飞依诺科技 热招机械、电子、生物医学工程等专业应届学生,2021-09-29,81
北京国双2022年校园招聘 ——初生一派，数智未来,2021-09-29,85
采埃孚中国2022届校园宣讲会,2021-09-29,145
智能安防和自动驾驶领域人工智能芯片的设计和应用，暨为旌科技2022届校园招聘宣讲会,2021-09-29,157
苏州鸿凌达电子2022年校园招聘,2021-09-29,121
高层次人才网秋冬季博士专场网络视频双选会,2021-09-29,84
国防科技大学气象海洋学院教学岗位人员招聘公告,2021-09-29,99
新疆大学信息科学与工程学院 招聘简介,2021-09-29,198
生物医学硕博人才-安必奇生物2022届校园招聘,2021-09-29,93
小初高各科专任教师,2021-09-29,245
信梦想，期未来 | 中信期货2022校园招聘,2021-09-29,82
凯迈（洛阳）测控有限公司2022年校园招聘公告,2021-09-28,127
意昂神州-中原国际新能源汽车院-实习生招聘,2021-09-28,95
湖北省招标股份有限公司2022校园招聘,2021-09-28,86
康明斯2022届秋季校园招聘全面启动,2021-09-28,183
中国能源建设集团安徽省电力设计院有限公司 2022年高校应届毕业生招聘公告,2021-09-28,138
中国航发沈阳发动机研究所2022届校园招聘全面启动,2021-09-28,119
中德证券有限责任公司2022年校园招聘,2021-09-28,92
中国科学院微小卫星创新研究院2022届校园招聘,2021-09-28,226
“我敢做Star”赛思倍斯2022届校园招聘,2021-09-28,115
奇安信集团2022秋季校园招聘简章,2021-09-28,170
中国电子科技集团公司第五十研究所2022校园招聘公告,2021-09-28,500
武汉华海通用电气有限公司,2021-09-28,55
关于中外人文交流（重庆） 试验园区·成渝双城（荣昌） 国际教育小镇建设办公室的招聘公告,2021-09-28,214
重庆外语外事学院公开招聘2021年人才招聘空缺岗位一览表,2021-09-28,163
 资本市场学院2022年应届毕业生招聘公告,2021-09-28,112
长沙银行2022全球校园招聘启事,2021-09-28,96
中国兵器工业第五九研究所2022英才招聘,2021-09-28,501
巨鲨医疗2022届秋招招聘简章,2021-09-28,108
广西钦州市钦南区2021年“引才聚贤” 集中招聘公告,2021-09-27,339
10月22日 | 国内高校联合举办（第十七届）博士人才云端招聘会,2021-09-27,84
【校园直通卡 方以汇聚】上海卡方信息科技2022校招,2021-09-27,97
中国化学华陆工程科技有限责任公司2022年校园招聘,2021-09-27,112
“服务央行，筑梦成方”-成方金融科技有限公司2022年校园招聘,2021-09-27,148
和利时集团2022届校园招聘,2021-09-27,130
中国石油集团昆仑数智科技有限责任公司2022届毕业生招聘简章,2021-09-27,119
华南中石油国际事业有限公司2022年应届毕业生管培岗（编内）,2021-09-27,122
广西中石油国际事业有限公司2022届应届高校毕业生招聘,2021-09-27,73
万众一芯2022届校园招聘,2021-09-27,253
中国航天科工南京晨光集团2022校园招聘,2021-09-27,233
广州华夏职业学院2021年招聘公告,2021-09-27,82
苏州系统医学研究所2021年招聘,2021-09-27,57
意昂神州- 中原国际新能源汽车研究院2021年校园招聘    ,2021-09-27,82
西南医科大学2021年诚聘海内外英才,2021-09-27,95
江苏科技大学2021年诚聘海内外优秀人才,2021-09-27,69
上海思博职业技术学院2021年招聘信息,2021-09-27,60
贝特莱电子2022年校园招聘,2021-09-27,123
江苏交控2022届高校毕业生及在职人才招聘公告,2021-09-27,55
荣耀2022届营销服务部校招开启!,2021-09-27,92
“福载青春，耀你同行”福耀集团2022年校园招聘空中宣讲会研发技术专长,2021-09-27,66
2022年上海中核浦原校园招聘会,2021-09-27,78
中国热带农业科学院南亚热带作物研究所湛江站实验站2021年博士研究生人员岗位公开招聘公告,2021-09-27,91
烟台东方威思顿电气有限公司2022届校园招聘简章,2021-09-27,79
广西科技大学2021-2022年面向海内外诚聘优秀人才,2021-09-27,132
杭州沃镭智能2022届校园招聘,2021-09-27,101
曲靖市商业银行股份有限公司,2021-09-27,70
中国科学院海西研究院泉州装备制造研究所 信号处理与微波系统创新团队招聘启事,2021-09-27,111
中国电科13所2022届校园招聘（石家庄、苏州）,2021-09-27,260
万集科技2022届校园招聘,2021-09-26,153
东北电力大学2021年秋季招聘公告,2021-09-26,115
中国船舶第八研究院（扬州院区·原七二三所）诚聘人才公告,2021-09-26,204
中国电子科技集团公司第四十一研究所2022校园招聘,2021-09-26,561
艾瑞巴蒂，快到Marvel Stone的碗里来！！！,2021-09-26,166
成都新易盛通信2022届校园大使招聘,2021-09-26,121
成都新易盛通信2022校招空中宣讲会,2021-09-26,83
成都新易盛通信技术股份有限公司2022届校园招聘,2021-09-26,169
我们的芯片改变世界  ——安凯微电子2022届校园招聘,2021-09-26,116
北京仁和益科技发展有限公司2022年校园招聘,2021-09-26,68
河北农业大学2021年选聘博士公告,2021-09-26,58
暨南大学附属第一医院最高年薪66万+招聘博士后,2021-09-26,68
台州学院高等研究院大数据智能医疗研究所招聘启事,2021-09-26,47
丽水学院2021年下半年人才招聘启事,2021-09-26,74
中国建设银行信用卡中心2022年度校园招聘,2021-09-26,155
佛山仙湖实验室招聘启事,2021-09-26,75
中国电科第四十七研究所2022届校园招聘,2021-09-26,406
巨磁智能【长沙研发中心】2022年秋季校园招聘,2021-09-26,71
东莞市天域半导体科技有限公司TYSiC2022校园招聘,2021-09-26,118
2022应届生（本科、硕士）,2021-09-26,271
山东第一医科大学（山东省医学科学院）诚邀海内外青年才俊参加2021国际青年学者论坛,2021-09-26,46
成都稳海半导体有限公司2022年校园招聘--模拟IC设计、器件开发、版图设计工程师,2021-09-26,188
江苏医药职业学院2021年拟公开招聘计划,2021-09-26,48
湖州职业技术学院2021年下半年招聘辅导员公告,2021-09-26,95
广州安凯微电子股份有限公司招聘校园大使,2021-09-26,84
山东第一医科大学（山东省医学科学院）,2021-09-26,92
中国船舶第七一六研究所2022校园招聘,2021-09-25,326
南京长江电子信息产业集团有限公司2022届校园招聘,2021-09-25,247
滨州医学院2021年面向全球招聘200名博士  ,2021-09-24,124
“电”亮未来，邀你奔赴星辰大海！                 ——西安电子科技大学2022届校园招聘公告,2021-09-24,460
宽普科技2022年校园招聘,2021-09-24,189
启元世界2022届校园招聘启动啦！,2021-09-24,149
成方金融科技有限公司2022年校园招聘,2021-09-24,160
中科院苏州医工所2021年度校园招聘公告,2021-09-24,123
中国移动党校（中国移动人才发展中心） 2022校园招聘,2021-09-24,423
【传音控股】22届秋季校园招聘,2021-09-24,166
南京科瑞达电子装备有限责任公司2022年校园招聘,2021-09-24,119
深圳元象XVERSE2022校园招聘,2021-09-24,78
浙江大学王绪化团队招聘博士后和科研助理,2021-09-24,77
中国科学院长春应用化学研究所2021年度招聘启事,2021-09-24,63
2022恩斯克秋季校园招聘全面启动,2021-09-24,101
香港中文大学（深圳）诚聘海内外优秀人才,2021-09-24,86
陆军军医大学战创伤医学中心2021年人才招聘,2021-09-24,123
先临三维2022校园招聘,2021-09-24,85
广州中望龙腾软件股份有限公司2022届校园招聘简章,2021-09-24,59
成都中科创达2022届校园招聘,2021-09-24,244
宿迁学院2021年高层次人才招聘公告,2021-09-24,60
湖南毂梁微电子有限公司2021招聘信息,2021-09-24,60
达诚基金2022年招聘信息,2021-09-24,51
西门子工业自动化产品（成都）有限公司 “新生力量” 2022届校园招聘   ,2021-09-24,254
趣之江，让世界看见你-之江实验室2022届校园招聘公告,2021-09-24,84
理想汽车2022届校园招聘火热来袭,2021-09-23,233
中国石油集团渤海钻探工程有限公司校招,2021-09-23,164
携手飞粤，遇见未来！ ——中国石化广东石油2022届校园招聘正式启动,2021-09-23,133
2021年“连聚英才·智汇港城”高校行（成都） 专场推介会招聘信息汇总,2021-09-23,197
德邦快递德邦科技22届校园招聘,2021-09-23,157
浙江臻镭科技股份有限公司2022届校招,2021-09-23,79
上海市金山区2022年选调生及储备人才 招录公告,2021-09-23,323
厦门建发股份有限公司2022届秋招,2021-09-23,60
中国航天科工集团八五一一研究所2022校园招聘公告,2021-09-23,273
重庆国际免疫研究院2021年人才招聘,2021-09-23,76
陕西飞机工业有限责任公司2022届秋季校园招聘会,2021-09-23,142
重庆邮电大学2021-2022年招聘启事,2021-09-23,265
重庆工程学院2021-2022年教职工招聘简章,2021-09-23,136
嘉应学院2021-2022年人才招聘,2021-09-23,61
福建工程学院马克思主义学院教学科研人员招聘启事,2021-09-23,44
福建工程学院2022年师资招聘计划,2021-09-23,57
南京信息工程大学自动化学院精密仪器与设备课题组招聘启事,2021-09-23,69
镭宝光电2022年校招信息,2021-09-23,130
广西师范大学2021年人才招聘公告,2021-09-23,100
实习研究员【本翼资本】,2021-09-23,58
鸿芯微纳2022届校园招聘,2021-09-23,127
中国工商银行云南省分行2022年度校园招聘,2021-09-23,83
中国工商银行2022年度秋季校园招聘启事,2021-09-23,228
松山湖材料实验室2022届校园招聘，即日启动！,2021-09-23,162
东方日立（成都）电控设备有限公司2022年招聘信息,2021-09-23,115
青岛大学转化医学研究院高薪诚聘海内外优秀青年人才,2021-09-23,68
重庆智能工程职业学院2021年诚聘海内外优秀人才,2021-09-23,153
西南医科大学2021年校本部全职引进博士,2021-09-23,100
安克创新2022届秋季校园招聘,2021-09-23,93
绥化学院2021年下半年公开招聘专职辅导员公告,2021-09-23,51
湖州职业技术学院2021年下半年招聘辅导员公告,2021-09-23,66
北京国望——“科研（光机电软热力控物化数）、管理工程师”招募,2021-09-23,72
洛阳麦斯克电子材料股份有限公司多个岗位招聘,2021-09-23,113
中国计量大学2021年诚聘海内外优秀人才公告,2021-09-23,89
腾盾科创2022届英才计划校园招募令,2021-09-23,82
中海油研究总院有限责任公司 博士后科研工作站 2022年博士后招收启事,2021-09-23,96
中海油研究总院有限责任公司 2022年应届毕业生招聘启事,2021-09-23,179
张江实验室光子芯片研发部博士后招聘公告,2021-09-23,114
内蒙古大学常年引进高层次人才公告（中英文版）,2021-09-22,111
黄河科技学院招聘信息,2021-09-22,121
方太集团2021招聘,2021-09-22,139
特变电工2022届校园招聘,2021-09-22,123
福信集团2022届校园招聘简章,2021-09-22,113
龙腾半导体股份有限公司2022届校园招聘,2021-09-22,165
成都芯盟微科技秋招开始啦,2021-09-22,238
唐山市环境规划科学研究院（唐山市生态环境宣传教育中心）校园招聘,2021-09-22,62
大数据建模实习生,2021-09-22,92
洛阳麦斯克电子材料股份有限公司多岗位招聘,2021-09-22,63
中国网安（含中国电科三十所）2022届校园招聘,2021-09-22,461
广东机电职业技术学院、广东省博士工作站2021年博士研究生招聘公告,2021-09-22,64
厦门大学嘉庚学院2021-2022学年人才招聘启事,2021-09-22,86
材料科学姑苏实验室博士后招聘公告,2021-09-22,70
厦门工学院2021-2022学年高层次人才（博士）引进计划,2021-09-22,63
闽江学院2021年度高层次人才招聘公告,2021-09-22,53
清华大学材料课题组招聘热电/热障/结构陶瓷博士后,2021-09-22,50
高层次人才网秋冬季博士专场网络视频双选会,2021-09-22,58
蘑菇街2022届秋招开启啦-研发专场,2021-09-22,110
北方夜视科技（南京）研究院有限公司2022校园招聘简章,2021-09-22,110
民航机场成都电子工程设计有限责任公司2022年校园招聘,2021-09-22,99
“让青春+嘉速不凡”嘉银金科2022校园招聘,2021-09-22,137
中南电力设计院有限公司2022年校园招聘简章,2021-09-22,323
中国工程物理研究院化工材料研究所2021秋季校园招聘,2021-09-21,343
象帝先计算技术（重庆）有限公司,2021-09-21,231
杭州士兰微电子股份有限公司2022届校招岗位,2021-09-21,244
烟台东方威思顿电气有限公司2022届校园招聘简章,2021-09-21,120
民航机场成都电子工程设计有限责任公司2022年校园招聘,2021-09-20,582
寒武纪2022届校园招聘全面进行中,2021-09-19,373
中国科学院微小卫星创新研究院2022届校园招聘,2021-09-19,319
济宁医学院2021年诚聘人才及青年博士,2021-09-19,99
“研创家 营未来”中国移动杭州研发中心（智慧家庭运营中心） 2022研创家校园招聘  ,2021-09-19,164
全国招募专利工程师-集佳2022校园招聘,2021-09-19,93
国民技术股份有限公司2022年校招信息,2021-09-19,147
武汉博畅通信设备有限责任公司校园招聘,2021-09-19,135
中国航天科工集团第四研究院十七所2022届毕业生招聘,2021-09-19,641
空间载荷总体技术研究室（航天二院二十五所十一室）招聘信息,2021-09-19,442
武汉云岭光电诚聘以下职位,2021-09-18,157
【左医科技】【校园招聘2022届】,2021-09-18,132
中国电子科技集团航空电子公司 2022届“航U星”招募,2021-09-18,573
浙江农业商贸职业学院2021年下半年专任教师招聘公告,2021-09-18,147
立功科技·致远电子2022校园招聘,2021-09-18,229
西南医科大学附属口腔医院2021年招聘简章,2021-09-18,115
盛路通信2022届校园招聘,2021-09-18,207
重庆长安望江工业集团有限公司2022届校招简章,2021-09-18,253
​贵州中医药大学2021年人才引进公告,2021-09-18,100
广芯电子技术(上海)股份有限公司招聘微电子、电子类相关专业应届毕业生若干名,2021-09-18,165
2022届秋季招聘,2021-09-18,234
巨磁智能【长沙研发中心】2022年秋季校园招聘,2021-09-18,99
中海达2022届校园招聘,2021-09-18,177
蓝月亮2022秋季校园招聘,2021-09-17,127
江苏省工程咨询中心有限公司 2021年度招聘公告,2021-09-17,74
浙江清华柔性电子技术研究院2022届全球校园招聘启动啦！,2021-09-17,169
华发股份2022届校园招聘简章,2021-09-17,177
星火燎原 梦想启航|湖南三湘银行2022校园招聘,2021-09-17,100
希微科技2022校园招募,2021-09-17,193
航天恒星2022届校园招聘,2021-09-17,329
"""同芯同行，创芯无限""——翠展微电子（上海）有限公司2022年校园招聘",2021-09-17,130
边缘计算应用开发实习,2021-09-17,83
西门子工业边缘计算-校园负责人,2021-09-17,116
武汉达梦数据库有限公司2022年校园招聘,2021-09-17,68
广州华夏职业学院2021年招聘公告,2021-09-17,83
苏州系统医学研究所2021年招聘,2021-09-17,62
西南医科大学2021年诚聘海内外英才,2021-09-17,87
江苏科技大学2021年诚聘海内外优秀人才,2021-09-17,90
闽南师范大学2021年诚纳英才,2021-09-17,55
碧桂园集团数管中心招聘,2021-09-17,103
中国石化大连石油化工研究院2022年校园招聘简章,2021-09-17,96
富途集团2022届秋季校园招聘简章,2021-09-17,103
 绥化学院2021年下半年公开招聘 专任教师、管理人员公告,2021-09-17,86
湖州职业技术学院2021年下半年招聘辅导员公告,2021-09-17,79
2022年中国葛洲坝集团房地产开发有限公司校园招聘,2021-09-17,107
迈普通信2022届校园招聘,2021-09-17,167
中科院成都信息技术股份有限公司2022届秋季校园招聘简章,2021-09-17,320
成都数字天空科技有限公司2022校园招聘空中宣讲会,2021-09-17,230
深圳北芯生命科技2022届校园招聘,2021-09-17,123
中国电子科技集团公司第五十一研究所2022届校园招聘宣讲会,2021-09-17,430
龙马环卫2022届校园招聘简章,2021-09-17,137
麦科田校园大使,2021-09-16,98
青岛大学青岛医学院2021年人才招聘公告,2021-09-16,108
大客户经理/研发工程师/测试工程师/产品运营等,2021-09-16,108
广东省新一代通信与网络创新研究院校招简章,2021-09-16,134
航空工业新航2022届校园招聘,2021-09-16,295
为旌科技2022届校园招聘,2021-09-16,99
【人才引进】2021年长沙县事业单位公开招聘高层次人才简章,2021-09-16,172
南京恒电电子有限公司2022校园招聘,2021-09-16,80
中国船舶第七一○研究所 2021年校园招聘简章,2021-09-16,443
河北农业大学2021年选聘博士公告,2021-09-16,65
台州学院高等研究院大数据智能医疗研究所招聘启事,2021-09-16,49
暨南大学附属第一医院最高年薪66万+招聘博士后,2021-09-16,75
中国科学院微生物-招聘岗位,2021-09-16,123
永赢基金管理有限公司2022年校园招聘,2021-09-16,72
正荣集团2022校园招聘耀世盛启！,2021-09-16,131
中电十所 2022届秋季校园招聘简章,2021-09-16,708
宿迁学院面向海内外公开招聘二级学院院长公告,2021-09-16,65
中交基础设施养护集团有限公司 2022届校园招聘启事,2021-09-16,103
河北雄安太芯电子科技有限公司招聘信息,2021-09-15,240
让未来现在就来-因诺科技2022招聘简章,2021-09-15,185
广西北投信创科技投资集团有限公司 2022届高校毕业生校园招聘公告,2021-09-15,115
中国科学院空天信息创新研究院 2022年度校园招聘启事,2021-09-15,437
西人马科技2022校园招聘--—创梦西人马，引领“芯”希望,2021-09-15,192
创能科技 智通未来  中汽创智2022届校园招聘正式启动,2021-09-15,184
常州先趋医疗科技有限公司诚聘优秀人才,2021-09-15,100
青岛柯锐思德电子科技有限公司2022年招聘信息,2021-09-15,92
万科集团印力商业成都城市公司 - 万IN生（管理培训生）招聘,2021-09-15,121
深圳市桑达无线通讯技术有限公司2022年校园招聘启事,2021-09-15,102
华信咨询设计研究院有限公司2022届秋季校园招聘简章,2021-09-15,89
柔电院9月18日空宣来袭,2021-09-15,134
华中师范大学化学学院化学生物学中心招聘博士后,2021-09-15,62
山东省科学院海洋仪器仪表研究所齐鲁工业大学（山东省科学院）海洋技术科学学院招聘,2021-09-15,24
中国科学院长春应用化学研究所2021年度招聘启事,2021-09-15,62
香港中文大学（深圳）诚聘海内外优秀人才,2021-09-15,110
浙江大学王绪化团队招聘博士后和科研助理,2021-09-15,60
【空中宣讲】瑞芯微电子2022届校园招聘,2021-09-15,159
(成都、桂林)中国电子国营第七二二厂2022届校园招聘,2021-09-15,372
“新能源时代，奋发有为”惠州亿纬锂能股份有限公司2022校园招聘,2021-09-15,119
“芯科技，共飞腾” 飞腾信息技术有限公司2022届校园招聘简章,2021-09-15,170
生为改变 联影2022校园招聘正式启动！,2021-09-15,113
联影2022校园招聘正式启动！,2021-09-15,168
广州华立学院（广州校区）2021年教师招聘启事,2021-09-15,98
未来，等你设计。 中国电建四川电力设计咨询公司2022届校园招聘,2021-09-15,269
金科集团四川区域2022校园招聘,2021-09-15,172
四川航电微能源2021校内秋季校园大使招聘,2021-09-15,194
中国航天科技集团第五研究院总体设计部2022年校园招聘,2021-09-15,821
航空工业特种所职等你来,2021-09-15,234
【人才引进】洪江市2021年第二轮事业单位引进高层次及急需紧缺人才公告,2021-09-15,212
成都康圣电子科技有限公司,2021-09-15,169
福建中科光芯光电科技有限公司2022届校园招聘,2021-09-15,131
“欧遇青春 创冶未来” 欧冶云商2022届校园招聘,2021-09-15,100
9月17日 清水河校区品学楼b207 15:00-16:30，佳驰科技2021秋季招聘宣讲会等你来！,2021-09-15,107
浙江铖昌科技股份有限公司（杭州）2022届校园招聘,2021-09-15,61
中石化石油机械股份有限公司2022年度校园招聘公告,2021-09-15,162
潍坊医学院2021年诚聘海内外优秀博士,2021-09-14,63
杭州芯迈半导体技术有限公司-招聘器件工程师（IC与MOSFET）,2021-09-14,185
广西中医药大学2021年引进领军人才,2021-09-14,76
芯昇科技有限公司2022届校园招聘,2021-09-14,209
成都华托微纳智能传感科技有限公司校招简章,2021-09-14,169
"Eyes on the Future, Together! VeSync集团2022届校园招聘",2021-09-14,167
贵阳市创业投资有限公司2021年校园招聘,2021-09-14,48
西安博瑞集信电子科技有限公司2022届秋季招聘,2021-09-14,122
“福载青春，耀你同行”福耀集团2022年校园招聘信息,2021-09-14,117
南京迈矽科微电子科技有限公司校园招聘,2021-09-14,80
大博医疗科技股份有限公司 2022届校园招聘,2021-09-14,110
重庆国际免疫研究院2021年人才招聘,2021-09-14,81
重庆邮电大学2021-2022年招聘启事,2021-09-14,195
中国电力工程顾问集团西南电力设计院有限公司2022年高校应届毕业生招聘公告,2021-09-14,212
重庆工程学院2021年高层次人才招聘简章,2021-09-14,145
嘉应学院2021-2022年人才招聘,2021-09-14,107
成都国铁电气设备有限公司2022届校园招聘,2021-09-14,263
中国贸促会专利商标事务所2022秋季校园招聘,2021-09-14,76
资深车联网科技公司诚聘,2021-09-14,113
四川航电微能源2021应届毕业生招聘,2021-09-14,38
华夏银行深圳分行2022届校园招聘,2021-09-14,79
高层次人才网秋冬季博士专场网络视频双选会,2021-09-14,62
珠海光库科技2022校园招聘,2021-09-14,134
中国航天科工集团第六研究院2022届校园招聘,2021-09-14,519
广西中石油国际事业有限公司2022届应届高校毕业生招聘,2021-09-14,94
西北电力设计院2022年招聘公告,2021-09-14,191
中国电子科技集团十四所国睿科技股份有限公司中国电子科技集团十四所国睿科技股份有限公司,2021-09-14,319
华南中石油国际事业有限公司2022届应届高校毕业生招聘,2021-09-14,98
荣耀2022届应届生招聘空中宣讲会,2021-09-14,205
优特科技2022届校园招聘,2021-09-14,126
杭州长川科技2022校园招聘,2021-09-14,115
信梦想，期未来 | 中信期货2022校园招聘,2021-09-14,96
中微电2022届校园招聘简章,2021-09-14,256
吉利学院 -- 2022届校园招聘,2021-09-14,206
9月15日（周三）18:30学生活动中心二楼九州厅，鼎阳科技2022届校园招聘宣讲会等你来！,2021-09-14,73
感知未来，引领未来 中国电科十三所美泰公司2022校园招聘	,2021-09-14,176
北京理工大学重庆创新中心2022届校园招聘,2021-09-13,158
才汇紫金 宁聚梦想 ——紫金山实验室2022届校园招聘正式启动,2021-09-13,107
金科集团湖北区域2022校园招聘,2021-09-13,101
康明斯2022届秋季校园招聘全面启动,2021-09-13,134
数之联2022校园招聘网申开始啦,2021-09-13,117
广东机电职业技术学院、广东省博士工作站2021年博士研究生招聘公告,2021-09-13,49
厦门大学嘉庚学院2021-2022学年人才招聘启事,2021-09-13,68
材料科学姑苏实验室博士后招聘公告,2021-09-13,37
中国科学院微电子研究所低功耗智能芯片与系统团队招聘,2021-09-13,144
中国石油集团渤海钻探工程有限公司校招,2021-09-13,65
中国科学院武汉岩土力学研究所科研岗位和特别研究助理（含博士后）招聘简章【长期有效】,2021-09-13,65
北京同达信恒知识产权代理有限公司2021秋季校园招聘  ,2021-09-13,75
海信集团2022届校园招聘简章,2021-09-13,200
中国电子科技集团公司第三十六研究所2022届校园招聘,2021-09-13,557
科大讯飞2022届秋季校园招聘简章,2021-09-13,299
巨磁智能【长沙研发中心】2022年秋季校园招聘,2021-09-13,107
中国电科五十所2022校园招聘公告,2021-09-13,388
移卡集团 2022届秋季校园招聘,2021-09-13,135
成都纵横股份-2022届校园招聘会,2021-09-13,272
中国科学院光电技术研究所2022年校园招聘,2021-09-13,935
烟台东方威思顿电气有限公司2022秋季校园招聘简章,2021-09-13,73
中国船舶第七〇五研究所昆明分部2022年校园招聘简章,2021-09-12,348
成都盟升电子技术股份有限公司,2021-09-12,301
与你“湘”遇，能“见”未来 ——中国能建湖南院2022年校园招聘“未来合伙人计划”重磅来袭,2021-09-12,156
武汉高德红外股份有限公司2022届校园招聘,2021-09-12,192
中国电子科技集团公司第五十一研究所2022届校园招聘简章,2021-09-11,719
"【9月13日空中宣讲】SGS""质优生项目""全国校招",2021-09-11,155
深圳市同为数码科技股份有限公司 2022届校园招聘,2021-09-11,159
中电科新型智慧城市研究院有限公司2022届校园招聘,2021-09-10,429
意光罩光电科技（济南）有限公司 2022应届毕业生招聘简章,2021-09-10,249
南京科远智慧科技集团2022届应届生招聘启动！,2021-09-10,151
衫数科技2022校招,2021-09-10,40
深圳阜时科技有限公司2022届校园招聘简章,2021-09-10,133
中国通建设计院2022校园招聘,2021-09-10,284
高校人才网2021年秋冬季博士人才现场巡回招聘会&视频双选会邀请函,2021-09-10,128
厦门工学院高层次人才（博士）引进计划,2021-09-10,85
闽江学院2021年度高层次人才招聘公告,2021-09-10,91
星环科技2022届校园招聘简章,2021-09-10,190
恒玄科技2022校园招聘,2021-09-10,166
【揽尽芳华 润微芯生】 华润微电子2022届秋季校园招聘,2021-09-10,234
航天电器2022届秋季校园招聘,2021-09-10,337
佳驰科技 校园宣传大使 招聘,2021-09-10,138
中国航空工业集团成都凯天电子股份有限公司 2022届校园招聘,2021-09-10,701
茂名石化2022届高校毕业生招聘,2021-09-10,115
珠海中科先进技术研究院诚聘科研博士后,2021-09-10,90
珠海中科先进技术研究院诚聘研发工程师,2021-09-10,127
内蒙古科技大学机械工程学院博（硕）士及高层次人才招聘,2021-09-10,112
圆梦寰宇，展翅苍穹 中国航天科工集团八五一一研究所2022校园招聘公告,2021-09-10,282
无锡中微亿芯有限公司（中国电科下属单位）2022届校园招聘,2021-09-10,181
西人马联合测控（泉州）科技有限公司,2021-09-10,87
扬帆远航 创造梦想 加入来颉科技共创未来,2021-09-10,100
圭目机器人 2022届应届生校园招聘简章,2021-09-10,36
【金科之星 制造传奇】金科地产中原区域2022年校园招聘,2021-09-10,78
用芯赋能未来出行，黑芝麻智能科技2022校园招聘,2021-09-10,137
“勇闯芯未来”— 奕斯伟科技集团 2022届秋季校园招聘,2021-09-10,245
深圳市民德电子科技股份有限公司2022届校园招聘,2021-09-09,120
青岛理工大学2021年公开招聘工作人员简章（长期招聘）,2021-09-09,159
努比亚红魔手机2022届校园招聘,2021-09-09,92
成都天奥信息科技有限公司2022年招聘信息,2021-09-09,288
马上消费金融股份有限公司2022届全球校园招聘招生简章,2021-09-09,74
惠州学院2021年专任教师（博士、硕士）招聘启事,2021-09-09,126
白日梦游戏2022校园招聘,2021-09-09,110
能您所能 | 通往幸福 | 2022成都能通科技股份有限公司校~~启航~~,2021-09-09,179
世界因我而改变——鼎桥通信2022届校园招聘,2021-09-09,175
飞芯电子招聘激光雷达芯片设计及应用相关人才,2021-09-09,185
深圳智微电子科技有限公司校园招聘,2021-09-09,138
成都能通科技股份有限公司招聘,2021-09-09,259
广州华夏职业学院2021年招聘公告,2021-09-09,75
苏州系统医学研究所2021年招聘,2021-09-09,63
西南医科大学2021年诚聘海内外英才,2021-09-09,127
南京信息工程大学自动化学院精密仪器与设备课题组招聘启事,2021-09-09,79
英诺赛科科技有限公司2022届校园招聘,2021-09-09,112
生物医学硕博人才-安必奇生物2022届校园招聘,2021-09-09,92
2022届上海艾瑞德生物科技有限公司校园招聘公告,2021-09-09,90
宜矽源半导体南京有限公司——校园招聘,2021-09-09,118
2022届毕业生招聘会——北京遥感设备研究所,2021-09-09,110
成都新易盛通信2022校招空中宣讲会,2021-09-09,103
武汉大学深圳研究院2021年博士后招聘启事,2021-09-09,58
“研创家 营未来”中国移动杭州研发中心（智慧家庭运营中心） 2022研创家校园招聘,2021-09-09,120
中国电科天地信息网络研究院（安徽）有限公司招聘简章,2021-09-09,161
浙江工业职业技术学院公开招聘人员公告（2021年第四批）,2021-09-09,94
创新型医疗器械公司招研发小伙伴,2021-09-09,91
东风南方集团【央企】联友科技22届秋季校园招聘,2021-09-09,200
积微物联集团2022届校园招聘,2021-09-09,136
2022届大华海外营销中心校园招聘,2021-09-09,86
中冶赛迪集团2022校园招聘,2021-09-09,202
北方华创微电子2022校园招聘,2021-09-09,153
云账户技术（天津）有限公司22届秋招开始啦~~~~~,2021-09-09,80
中国航发涡轮院2022届校园招聘,2021-09-09,347
浙江时空道宇科技有限公司（吉利卫星）2022校园招聘,2021-09-09,87
航天772所2022届校园招聘宣讲会,2021-09-09,395
中国电子科技集团公司第五十二研究所2022秋季校招启动,2021-09-09,354
深圳市英威腾电气股份有限公司2022校园招聘,2021-09-09,92
厦门宏发电声股份有限公司2022届校园招聘,2021-09-09,89
建信金融资产投资有限公司2022年度校园招聘公告,2021-09-08,122
2022恩斯克秋季校园招聘全面启动,2021-09-08,106
​华南理工大学2021年博士后和专职研究人员,2021-09-08,94
苏州天准科技股份有限公司  22届空中宣讲会（9月10日18：30）,2021-09-08,72
苏州天准科技股份有限公司  22届校园招聘（空宣时间9月10日18：30）,2021-09-08,82
禾望电气2022校园招聘,2021-09-08,102
亚太星通2022届毕业生招聘,2021-09-08,91
今伯乐常有，而千里马不常有，希尔电子招兵买马，”尔“敢放马过来？,2021-09-08,123
重庆中元汇吉-2022届全球校园招聘电子科技大学专场招聘会,2021-09-08,113
中国科学院长春光学精密机械与物理研究所2021年秋季招聘,2021-09-08,125
深圳三星通信技术研究有限公司2022届秋季招聘,2021-09-08,102
浙江钱江机器人有限公司,2021-09-08,116
易方达基金2022校园招聘,2021-09-08,167
江苏科技大学2021年诚聘海内外优秀人才,2021-09-08,97
汇蓉国科2022届梧桐树计划,2021-09-08,118
牛津（海南）区块链研究院2022毕业生秋季招聘,2021-09-08,75
成都迈斯派尔半导体有限公司（外资企业）招聘,2021-09-08,218
河北农业大学2021年选聘博士公告,2021-09-08,68
华中师范大学化学学院化学生物学中心招聘博士后,2021-09-08,48
台州学院高等研究院大数据智能医疗研究所招聘启事,2021-09-08,45
芯原股份2022届校园招聘,2021-09-08,276
中国建设银行信用卡中心2022年度校园招聘,2021-09-08,170
深圳市信维通信股份有限公司2022届校园招聘,2021-09-08,111
KUHAN TECH企业级存储基础设施层的软、硬件关键技术研发——新一代企业级SSD主控芯片（PCIe Gen 5 x 4）和存储底层基础软件,2021-09-08,112
浙商银行2022校园招聘启事,2021-09-08,103
青岛鼎信通讯2022届校园招聘信息,2021-09-08,86
振华风光2022届校园招聘,2021-09-08,151
中国航空制造技术研究院2022届招聘简章,2021-09-08,692
江苏医药职业学院高层次人才长期引进计划,2021-09-08,91
国防科技大学气象海洋学院教学岗位人员招聘公告,2021-09-08,105
碧桂园集团2022届超级“碧业生”校园招聘全球启动,2021-09-08,122
深圳基本半导体2022校园招聘,2021-09-08,158
北京北斗星通导航技术股份有限公司2022届校园招聘,2021-09-08,177
"碧桂园集团2022届超级""碧业生""校园招聘全球启动",2021-09-08,71
北京航空航天大学合肥创新研究院,2021-09-08,121
【成都】Java初级开发工程师【8-12K】/ JAVA开发实习生【4.5-7K】,2021-09-08,109
释放5G，连接未来— 爱立信2022校园招聘,2021-09-08,166
科瑞工业自动化系统（苏州）有限公司2022届校园招聘启动,2021-09-08,119
寻找优秀的你，共筑银河天路 ——广州海格通信集团股份有限公司 2022届秋季校园招聘,2021-09-07,152
国家超级计算济南中心“百千万”人才工程 诚聘优秀博士,2021-09-07,89
中国建设银行总部2022年度校园招聘公告,2021-09-07,216
深圳开立生物医疗科技股份有限公司2022校园招聘,2021-09-07,116
新希望金融科技2022届校招来啦,2021-09-07,103
中国航天科技集团八院八〇四所2022届校园招聘,2021-09-07,337
中车青岛四方车辆研究所有限公司 2022秋季校园招聘公告,2021-09-07,109
成都华兴大地科技有限公司招聘,2021-09-07,130
方太集团2022届校园招聘--研发类,2021-09-07,94
与城市共同成长 ——成都市规划设计研究院2022校园招聘简章,2021-09-07,114
航天新气象科技有限公司北京分公司2022年校园招聘（航天科工二院二十三所下属公司）,2021-09-07,122
首都师范大学2021年博士后科研人员招收公告,2021-09-07,58
桂林航天工业学院2021年博士招聘公告,2021-09-07,128
中科曙光2022届校园招聘,2021-09-07,239
泛林集团2022年秋季招聘,2021-09-07,114
西门子工业边缘校园大使,2021-09-07,110
中共深圳市光明区委党校2021年9月公开选聘教师公告,2021-09-07,254
成都国科微电子有限公司2022年校园招聘,2021-09-07,463
中铁第一勘察设计院集团有限公司2022年电子科技大学招聘信息,2021-09-07,690
深圳市汉家松鼠网络科技有限公司 招聘信息,2021-09-07,69
深圳市微源半导体股份有限公司,2021-09-07,124
北京五一视界数字孪生科技股份公司（51WORLD原51VR）,2021-09-07,56
“芯梦想 新征程”联芸科技2022届校园招聘空中宣讲会,2021-09-07,148
资本市场学院2021年招聘工作人员公告,2021-09-07,59
2022年南京芯视界微电子科技有限公司校园招聘简章,2021-09-07,115
成都博智互动科技有限公司,2021-09-07,104
用芯赋能未来出行，黑芝麻智能科技2022校园招聘,2021-09-07,80
香港中文大学（深圳）诚聘海内外优秀人才,2021-09-07,64
中国科学院长春应用化学研究所2021年度招聘启事,2021-09-07,55
成都博智互动科技有限公司,2021-09-07,127
山东省科学院海洋仪器仪表研究所齐鲁工业大学（山东省科学院）海洋技术科学学院招聘信息,2021-09-07,71
大熊星座智能科技有限公司校园招聘,2021-09-07,75
杰瑞股份2022年全球校园招聘,2021-09-07,143
浙江大学王绪化团队招聘博士后和科研助理,2021-09-07,65
成方金融信息技术服务有限公司 2022年校园招聘公告,2021-09-07,84
用芯赋能未来出行，黑芝麻智能科技2022校园招聘,2021-09-07,97
 高层次人才网秋冬季博士专场网络视频双选会,2021-09-07,100
东方日立（成都）电控设备有限公司2022年校园招聘,2021-09-07,217
沐曦集成电路2022届校园招聘,2021-09-07,159
  中国移动（上海）产业研究院2022校园招聘正式启动,2021-09-07,150
寻找爱“迪”生——比亚迪2022届校园招聘,2021-09-07,206
多益网络2022届秋季校园招聘,2021-09-07,92
2022智行者-秋季校园招聘,2021-09-07,103
中国航天科工集团第十研究院2022届校园宣讲会,2021-09-07,507
启明信息技术股份有限公司2022年校园招聘简章,2021-09-06,117
芯璨科技招聘芯片研发、软硬件工程师,2021-09-06,270
粤海水务2022届校园招聘岗位,2021-09-06,119
重庆邮电大学2021-2022年招聘启事,2021-09-06,222
重庆工程学院2021年高层次人才招聘简章,2021-09-06,137
嘉应学院2021-2022年人才引进,2021-09-06,97
上海思博职业技术学院2021年招聘信息,2021-09-06,86
北方自动控制技术研究所2022校园招聘,2021-09-06,179
2022年南京芯视界微电子科技有限公司校园招聘简章,2021-09-06,59
北京国望—2022届“科研、管理工程师”招募,2021-09-06,91
中国石油集团工程技术研究院2022届高校毕业生校园招聘公告,2021-09-06,186
中国电科重庆西南集成电路设计有限责任公司 2022届校园招聘,2021-09-06,112
苏州华兴源创科技股份有限公司2022校园招聘,2021-09-06,95
浪潮集团2022届校园招聘简章,2021-09-06,151
上海集成电路研发中心有限公司 2022年度校园招聘公告,2021-09-06,60
中国航天科技集团有限公司第八研究院第八一一研究所2022届校园招聘简章,2021-09-06,393
格灵深瞳2022届校招,2021-09-06,90
交控科技2022届校园招聘简章,2021-09-06,133
国微集团（深圳）有限公司2022届毕业生校园招聘简章,2021-09-06,129
成都新易盛通信2022届校园大使招聘,2021-09-06,88
2022届杭州飞仕得科技有限公司校园招聘,2021-09-06,70
常州信息职业技术学院2021年公开招聘高层次人员公告,2021-09-06,60
逐梦存储，芯耀未来，妙存科技2022届校园招聘正式启动,2021-09-06,92
海信集团2022届校园招聘简章,2021-09-06,125
中国网安（含中国电科三十所）2022届校园招聘,2021-09-06,246
西门子工业边缘实习,2021-09-06,72
达有作为，发现芯世界——达发科技2022校园招聘,2021-09-06,105
心所往•光所至 ——苏州长光华芯光电技术股份有限公司22年秋季招聘简章,2021-09-06,78
巨磁智能【长沙研发中心】2022年秋季校园招聘,2021-09-06,56
金地集团2022校园代言人招聘简章,2021-09-06,43
锦Show长安——未来出行，由你定义   长安汽车2022全球校园招聘,2021-09-06,95
金地集团二〇二二年金鹰计划校园招聘简章,2021-09-06,53
成都新易盛通信技术股份有限公司2022届校园招聘,2021-09-06,77
科学出版社成都有限责任公司--实习招聘简章,2021-09-06,142
烟台东方威思顿电气有限公司2022届校园招聘简章,2021-09-06,116
南京晓庄学院2021年度公开招聘人才公告,2021-09-05,137
中国飞行试验研究院2022届校园招聘,2021-09-04,678
浙江师范大学2021年专任教师招聘公告,2021-09-04,172
桂林理工大学2021年招聘计划,2021-09-04,157
兴业银行2022校园招聘公告,2021-09-04,223
【9月13日空中宣讲】SGS通标：2022届“质优生项目“校招启动,2021-09-04,143
湖南航天环宇通信科技股份有限公司2022年校园招聘,2021-09-04,135
2021常州大学诚邀海内外人才共谋发展,2021-09-04,55
中国兵器工业集团2022校园招聘全面启动,2021-09-04,818
成都新易盛通信2022校招空中宣讲会,2021-09-03,158
四川九洲电器集团有限责任公司 2022年度招聘简章,2021-09-03,514
深信服科技2022届校园招聘成都研究所专项招聘火热招聘中,2021-09-03,122
光启2022年校园招聘,2021-09-03,162
成都天奥信息科技有限公司2022年招聘信息,2021-09-03,257
中共山东省委党校（山东行政学院） 2021年博士后招收公告,2021-09-03,62
湖南华诺星空电子技术有限公司2022校园招聘,2021-09-03,81
中国软件2022届校园招聘公告,2021-09-03,136
中泰证券股份有限公司2022届秋季校园招聘,2021-09-03,69
深圳麦科田医疗2022届校园招聘会,2021-09-03,73
广州华商职业学院2021年9月专任教师及辅导员招聘公告,2021-09-03,52
延安大学2021年教师岗位招聘公告,2021-09-03,51
方寸之间，科技之上—— 方太集团2022届校园招聘进行中,2021-09-03,91
感知未来，引领未来 中国电科十三所美泰公司2022校园招聘,2021-09-03,102
【无线芯未来】CONVENIENTPOWER易冲半导体2022届校园招聘~,2021-09-03,133
电科9所2021-2022年校园招聘,2021-09-02,1124
亚控科技22届校园招聘空宣啦,2021-09-02,218
上海华测导航2022校园招聘,2021-09-02,170
OPPO 2022届全球校园招聘启动！,2021-09-02,340
邯郸制药股份有限公司2022届招聘简章,2021-09-02,88
中国船舶第八研究院（南京）2022届校园招聘,2021-09-02,235
先临三维2022招聘简章,2021-09-02,85
中国电子科技集团公司第十四研究所 2022年校园招聘简章,2021-09-02,480
欣旺达电子股份有限公司2022届校园招聘,2021-09-02,136
宁德时代2022届全球校园招聘启动！,2021-09-02,208
中国电子科技集团公司第三十八研究所 2022年度秋季校园招聘简章,2021-09-02,356
成都国星通信有限公司 2022年校园招聘  北斗“星”招募计划~~~~,2021-09-02,231
成都辰显光电2022届校园招聘,2021-09-02,209
杭州国芯科技股份有限公司2022校招,2021-09-02,191
【9月13日空中宣讲】SGS通标：2022届“质优生项目“全国校招启动,2021-09-02,61
广州珠江职业技术学院2021年招聘计划,2021-09-02,58
兰州石化职业技术学院2021年高层次人才(第二批)引进公告,2021-09-02,61
重庆唯申科技有限公司招聘LABVIEW工程师,2021-09-02,91
中国船舶集团有限公司第八研究院 （南京·原七二四所）2022届校招简章,2021-09-02,156
北京理工雷科2022年校园招聘,2021-09-02,76
通量微芯   别具匠“芯”,2021-09-02,262
“未”你而来，未尔科技2022年校园招聘火热进行中,2021-09-02,230
成都新希望金融科技有限公司-2022校招,2021-09-02,144
中国航天科工二院二十三所2022校园招聘,2021-09-02,430
西门子磁共振2022校园招聘 电子科技大学宣讲会,2021-09-01,446
中国建设银行深圳市分行2022年度校园招聘公告,2021-09-01,176
国家超级计算深圳中心（2021年）诚聘博士后、高级研究员,2021-09-01,109
【上市公司】北京思特奇信息技术股份有限公司22届校招开启啦,2021-09-01,103
中国金茂2022届校园招聘公告,2021-09-01,153
[2022届校招]海康威视-微影传感专线 校园招聘&技术交流会,2021-09-01,230
新华三集团2022届校园招聘火热开启,2021-09-01,268
重庆外语外事学院2021年公开招聘人才简章,2021-09-01,118
广东机电职业技术学院、广东省博士工作站2021年博士研究生招聘公告,2021-09-01,49
西安工业大学新能源科学与技术研究院招聘简章,2021-09-01,86
厦门大学嘉庚学院2021-2022学年人才招聘启事,2021-09-01,59
材料科学姑苏实验室博士后招聘公告,2021-09-01,46
南京工业大学马克思主义学院诚聘高层次人才,2021-09-01,61
中国石油川庆钻探工程有限公司2022年校园招聘,2021-09-01,145
中国石油渤海钻探工程有限公司招聘公告,2021-09-01,33
通号城市轨道交通技术有限公司2022届毕业生校园招聘,2021-09-01,103
思远半导体2022届校园招聘,2021-09-01,151
四川中科成光科技有限公司2021年校园招聘计划与要求,2021-09-01,235
瑞图生物2022届校园招聘简章,2021-09-01,85
海澜未来领军型人才-2022海澜商学院凤凰计划招聘,2021-09-01,65
芯天下2022年校园招聘简章,2021-09-01,155
英集芯2022届校园招聘,2021-09-01,164
亿智电子科技22届校招,2021-09-01,123
深圳邦健生物医疗设备股份有限公司2022届校园招聘,2021-09-01,71
中国电子科技集团公司第五十三研究所 2022年毕业生招聘计划,2021-09-01,331
中国计量大学工业与商贸计量技术研究所博士人才招聘,2021-09-01,58
理邦2022秋季校园招聘盛大启动！,2021-09-01,70
滁州学院2021年度硕士研究生招聘公告,2021-09-01,55
滨州学院诚聘海内外优秀人才,2021-09-01,62
季华实验室2022届应届毕业生 校园招聘公告,2021-09-01,245
成都索贝数码科技股份有限公司 2022校招招聘简章,2021-09-01,204
中电十所 2022届秋季提前批校园招聘简章,2021-09-01,827
华夏银行股份有限公司重庆分行2021年秋季校园招聘启事,2021-09-01,151
巨磁智能【长沙研发中心】2022年秋季校园招聘,2021-09-01,125
